Workbook

Sheet 00_Metodologia
A1: Matriz de Aderência à IN GABSEC/SENAPPEN/MJSP nº 75/2026
A2: Modelo de monitoramento ONASP. Regra metodológica: cada pergunta do diagnóstico integra uma única dimensão ou, quando aplicável, exclusivamente o bloco de bônus.
A4: Dimensão | B4: Peso-base | C4: Perguntas do diagnóstico | D4: Quantidade de perguntas | E4: Função | F4: Regra geral | G4: Fundamento predominante | H4: Regra de unicidade | I4: Observação | J4: Bônus? | K4: Aba
A5: 01 — Institucionalização | B5: 15 | C5: M1-11 | D5: 1 | E5: Instituição formal e porta de entrada | F5: Sim = 15; Não/Sem evidência = 0 | G5: Art. 6º, caput | H5: M1-11 só aparece nesta dimensão. | I5: Também funciona como requisito de entrada. | J5: Não | K5: 01_Institucionalização
A6: 02 — Autonomia técnica e funcional | B6: 15 | C6: M3-56; M3-57; M1-12; M4-67; M4-68 | D6: 5 | E6: Autonomia institucional e condições de atuação | F6: Atende = integral; Parcial = 50%; demais = 0 | G6: Arts. 4º, I; 6º; 8º; 10; 13 | H6: Nenhuma pergunta é reutilizada em outra dimensão. | I6: 5 perguntas × 3 pontos. | J6: Não | K6: 02_Autonomia
A7: 03 — Imparcialidade, sigilo e proteção | B7: 15 | C7: M4-69; M3-63 | D7: 2 | E7: Proteção de denúncias sensíveis e compromisso de sigilo | F7: Atende = integral; Parcial = 50%; demais = 0 | G7: Arts. 4º, II; 9º; 10 | H7: M4-66 e M2-37 foram retiradas desta dimensão e permanecem em Integração tecnológica. | I7: Pesos: 8 + 7. | J7: Não | K7: 03_Imparcialidade
A8: 04 — Acessibilidade e atendimento humanizado | B8: 15 | C8: M2-41; M2-43; M2-47; M2-16; M1-13; M4-64 | D8: 6 | E8: Canais, espaço físico e alcance dos públicos | F8: Atende = integral; Parcial = 50%; demais = 0 | G8: Arts. 4º, III; 7º; 10 | H8: M2-45 foi retirada desta dimensão e permanece em Integração tecnológica. | I8: Pesos: 2+2+2+3+3+3. | J8: Não | K8: 04_Acessibilidade
A9: 05 — Transparência e publicidade | B9: 15 | C9: M2-35; M4-71 | D9: 2 | E9: Visibilidade e publicidade das ações | F9: Atende = integral; Parcial = 50%; demais = 0 | G9: Arts. 4º, IV; 7º; 10; 12 | H9: M1-12 foi retirada desta dimensão e permanece em Autonomia. | I9: Pesos: 5 + 10. | J9: Não | K9: 05_Transparência
A10: 06 — Integração tecnológica | B10: 25 | C10: M2-45; M4-66; M2-37; M2-17; M2-19; M2-21; M2-27 | D10: 7 | E10: Canal/sistema, protocolo, segurança e equipamentos | F10: Atende = integral; Parcial = 50%; demais = 0 | G10: Arts. 4º, V; 7º; 11; 13 | H10: M4-67 foi retirada desta dimensão e permanece em Autonomia. | I10: Pesos: 5+5+5+4+2+2+2. | J10: Não | K10: 06_Integração Tec
A11: TOTAL BASE | B11: 100 | C11: — | D11: 23 | E11: Nota-base | F11: Soma das seis dimensões | G11: Metodologia ONASP | H11: Nenhuma pergunta-base é repetida. | I11: Nota-base máxima = 100. | J11: — | K11: 08_Resumo
A12: 07 — Maturidade / bônus | B12: 10 | C12: M2-46; M0-08; M3-60; M3-58; M2-50; M2-49; M2-36 | D12: 7 | E12: Características adicionais de maturidade | F12: Sim = bônus integral; demais = 0 | G12: Arts. 4º; 6º; 7º; 8º; 9º | H12: Nenhuma pergunta do bônus aparece na pontuação-base. | I12: Aplicado somente até completar 100. | J12: Sim | K12: 07_Maturidade
A14: Tratamento da base: Espírito Santo permanece com duas unidades de avaliação (Polícia Penal e SEJUS/ES). RO e SC permanecem com as respostas mais recentes já consolidadas na planilha de origem. Todas as colunas de evidências/observações mantêm a referência Doc. SEI 37070578.

Sheet 01_Institucionalização
A1: 01 — Institucionalização
A2: Peso: 15 pontos. A existência de ato normativo específico também funciona como requisito de entrada para a classificação de aderência.
A4: Identificação | C4: Item 1 — Instituição formal da Ouvidoria de Serviços Penais | G4: Resultado
A5: UF | B5: Unidade Federativa | C5: M1-11 — Existe ato normativo específico que cria a Ouvidoria de Serviços Penais ou núcleo especializado? | D5: Resposta do diagnóstico | E5: Fundamentação na IN nº 75/2026 | F5: 15 pts | G5: Pontuação /15 | H5: Situação institucional | I5: Evidências / observações
A6: Como aplicar / resposta / fundamento → | C6: 15 pts: existe ato normativo específico vigente que cria/institui a Ouvidoria de Serviços Penais ou núcleo especializado. 0 pt: não existe ato específico ou não há evidência suficiente. Sem o ato, a unidade é classificada como Não instituída. | D6: Resposta original consolidada do diagnóstico. | E6: Art. 6º, caput. | F6: 15 = instituída 0 = não instituída / sem evidência | G6: Pontuação automática. | H6: Sem ato, não há classificação ordinária de aderência. | I6: Doc. SEI 37070578
A7: AC | B7: Acre | C7: Sim | D7: Existe ato infralegal (portaria, resolução, ordem de serviço) que cria ouvidoria de serviços penais ou núcleo especializado | E7: Art. 6º, caput. | F7: =IF(C7="Sim",15,0) -> 15 | G7: =F7 -> 15 | H7: =IF(C7="Sim","Instituída",IF(C7="Não","Não instituída","Sem evidência")) -> Instituída | I7: Doc. SEI 37070578
A8: AL | B8: Alagoas | C8: Sim | D8: Existe lei ou decreto que cria ouvidoria de serviços penais ou núcleo especializado | E8: Art. 6º, caput. | F8: =IF(C8="Sim",15,0) -> 15 | G8: =F8 -> 15 | H8: =IF(C8="Sim","Instituída",IF(C8="Não","Não instituída","Sem evidência")) -> Instituída | I8: Doc. SEI 37070578
A9: AP | B9: Amapá | C9: Sim | D9: Existe lei ou decreto que cria ouvidoria de serviços penais ou núcleo especializado | E9: Art. 6º, caput. | F9: =IF(C9="Sim",15,0) -> 15 | G9: =F9 -> 15 | H9: =IF(C9="Sim","Instituída",IF(C9="Não","Não instituída","Sem evidência")) -> Instituída | I9: Doc. SEI 37070578
A10: AM | B10: Amazonas | C10: Sim | D10: Existe lei ou decreto que cria ouvidoria de serviços penais ou núcleo especializado | E10: Art. 6º, caput. | F10: =IF(C10="Sim",15,0) -> 15 | G10: =F10 -> 15 | H10: =IF(C10="Sim","Instituída",IF(C10="Não","Não instituída","Sem evidência")) -> Instituída | I10: Doc. SEI 37070578
A11: BA | B11: Bahia | C11: Sim | D11: Existe lei ou decreto que cria ouvidoria de serviços penais ou núcleo especializado | E11: Art. 6º, caput. | F11: =IF(C11="Sim",15,0) -> 15 | G11: =F11 -> 15 | H11: =IF(C11="Sim","Instituída",IF(C11="Não","Não instituída","Sem evidência")) -> Instituída | I11: Doc. SEI 37070578
A12: CE | B12: Ceará | C12: Sim | D12: Existe lei ou decreto que cria ouvidoria de serviços penais ou núcleo especializado | E12: Art. 6º, caput. | F12: =IF(C12="Sim",15,0) -> 15 | G12: =F12 -> 15 | H12: =IF(C12="Sim","Instituída",IF(C12="Não","Não instituída","Sem evidência")) -> Instituída | I12: Doc. SEI 37070578
A13: DF | B13: Distrito Federal | C13: Sim | D13: Existe lei ou decreto que cria ouvidoria de serviços penais ou núcleo especializado | E13: Art. 6º, caput. | F13: =IF(C13="Sim",15,0) -> 15 | G13: =F13 -> 15 | H13: =IF(C13="Sim","Instituída",IF(C13="Não","Não instituída","Sem evidência")) -> Instituída | I13: Doc. SEI 37070578
A14: ES | B14: Espírito Santo — Polícia Penal | C14: Sim | D14: Existe lei ou decreto que cria ouvidoria de serviços penais ou núcleo especializado | E14: Art. 6º, caput. | F14: =IF(C14="Sim",15,0) -> 15 | G14: =F14 -> 15 | H14: =IF(C14="Sim","Instituída",IF(C14="Não","Não instituída","Sem evidência")) -> Instituída | I14: Doc. SEI 37070578
A15: ES | B15: Espírito Santo — SEJUS/ES | C15: Sim | D15: Existe ato infralegal (portaria, resolução, ordem de serviço) que cria ouvidoria de serviços penais ou núcleo especializado | E15: Art. 6º, caput. | F15: =IF(C15="Sim",15,0) -> 15 | G15: =F15 -> 15 | H15: =IF(C15="Sim","Instituída",IF(C15="Não","Não instituída","Sem evidência")) -> Instituída | I15: Doc. SEI 37070578
A16: GO | B16: Goiás | C16: Sim | D16: Existe ato infralegal (portaria, resolução, ordem de serviço) que cria ouvidoria de serviços penais ou núcleo especializado | E16: Art. 6º, caput. | F16: =IF(C16="Sim",15,0) -> 15 | G16: =F16 -> 15 | H16: =IF(C16="Sim","Instituída",IF(C16="Não","Não instituída","Sem evidência")) -> Instituída | I16: Doc. SEI 37070578
A17: MA | B17: Maranhão | C17: Sim | D17: Existe lei ou decreto que cria ouvidoria de serviços penais ou núcleo especializado | E17: Art. 6º, caput. | F17: =IF(C17="Sim",15,0) -> 15 | G17: =F17 -> 15 | H17: =IF(C17="Sim","Instituída",IF(C17="Não","Não instituída","Sem evidência")) -> Instituída | I17: Doc. SEI 37070578
A18: MT | B18: Mato Grosso | C18: Sim | D18: Existe lei ou decreto que cria ouvidoria de serviços penais ou núcleo especializado | E18: Art. 6º, caput. | F18: =IF(C18="Sim",15,0) -> 15 | G18: =F18 -> 15 | H18: =IF(C18="Sim","Instituída",IF(C18="Não","Não instituída","Sem evidência")) -> Instituída | I18: Doc. SEI 37070578
... A32: SP | B32: São Paulo | C32: Sim | D32: Existe ato infralegal (portaria, resolução, ordem de serviço) que cria ouvidoria de serviços penais ou núcleo especializado | E32: Art. 6º, caput. | F32: =IF(C32="Sim",15,0) -> 15 | G32: =F32 -> 15 | H32: =IF(C32="Sim","Instituída",IF(C32="Não","Não instituída","Sem evidência")) -> Instituída | I32: Doc. SEI 37070578
A33: SE | B33: Sergipe | C33: Sim | D33: Sem resposta no diagnóstico | E33: Art. 6º, caput. | F33: =IF(C33="Sim",15,0) -> 15 | G33: =F33 -> 15 | H33: =IF(C33="Sim","Instituída",IF(C33="Não","Não instituída","Sem evidência")) -> Instituída
A34: TO | B34: Tocantins | C34: Não | D34: Não existe qualquer ato específico | E34: Art. 6º, caput. | F34: =IF(C34="Sim",15,0) -> 0 | G34: =F34 -> 0 | H34: =IF(C34="Sim","Instituída",IF(C34="Não","Não instituída","Sem evidência")) -> Não instituída | I34: Doc. SEI 37070578

Sheet 02_Autonomia
A1: 02 — Autonomia técnica e funcional
A2: Peso da dimensão: 15 pontos. Cada pergunta do diagnóstico pertence exclusivamente a uma única dimensão da matriz.
A4: Identificação | C4: Item 1 — Garantia normativa de autonomia técnica/funcional | K4: Item 2 — Condições institucionais de atuação sem interferência indevida | W4: Resultado da dimensão
A5: UF | B5: Unidade Federativa | C5: M3-56 — Vinculação institucional da Ouvidoria de Serviços Penais | D5: Resposta do diagnóstico | E5: Fundamentação na IN nº 75/2026 | F5: 3 pts | G5: M3-57 — Existência e designação do(a) Ouvidor(a) de Serviços Penais | H5: Resposta do diagnóstico | I5: Fundamentação na IN nº 75/2026 | J5: 3 pts | K5: M1-12 — Conteúdo do ato de criação da Ouvidoria de Serviços Penais | L5: Resposta do diagnóstico | M5: Fundamentação na IN nº 75/2026 | N5: 3 pts | O5: M4-67 — Fluxo de trabalho interno da Ouvidoria de Serviços Penais | P5: Resposta do diagnóstico | Q5: Fundamentação na IN nº 75/2026 | R5: 3 pts | S5: M4-68 — Prazos e qualidade da resposta às manifestações | T5: Resposta do diagnóstico | U5: Fundamentação na IN nº 75/2026 | V5: 3 pts | W5: Pontuação /15 | X5: Evidências / observações
A6: Como aplicar / resposta / fundamento → | C6: 3 pts: vinculada diretamente ao Gabinete/autoridade máxima, ou situação equivalente que assegure posição institucional autônoma. 1,5 pt: vinculada à estrutura central, sem subordinação a área operacional. 0 pt: vinculada a área operacional, não se aplica ou sem evidência. | D6: Resposta original consolidada do diagnóstico das Ouvidorias Estaduais de Serviços Penais. | E6: Art. 4º, I; art. 6º, §1º, I. | F6: 3 = atende 1.5 = parcial 0 = não atende / sem evidência | G6: 3 pts: há Ouvidor(a) formalmente designado(a) pela autoridade máxima ou autoridade superior equivalente. 1,5 pt: designação formal em condição intermediária. 0 pt: ponto focal informal, inexistência de Ouvidor específico ou sem evidência. | H6: Resposta original consolidada do diagnóstico das Ouvidorias Estaduais de Serviços Penais. | I6: Art. 4º, I; art. 8º, caput. | J6: 3 = atende 1.5 = parcial 0 = não atende / sem evidência | K6: 3 pts: o ato prevê simultaneamente dever de colaboração das áreas e prerrogativa de solicitar informações/documentos e requisitar apuração. 1,5 pt: apenas um desses elementos. 0 pt: nenhum ou sem evidência. | L6: Resposta original consolidada do diagnóstico das Ouvidorias Estaduais de Serviços Penais. | M6: Art. 6º, §1º, III; art. 10, II. | N6: 3 = atende 1.5 = parcial 0 = não atende / sem evidência | O6: 3 pts: fluxo formalizado e efetivamente utilizado, contemplando recebimento, registro, encaminhamento, acompanhamento e devolutiva. 1,5 pt: fluxo descrito, mas pouco aplicado. 0 pt: fluxo informal/inexistente ou sem evidência. | P6: Resposta original consolidada do diagnóstico das Ouvidorias Estaduais de Serviços Penais. | Q6: Art. 13, caput e incisos I a V. | R6: 3 = atende 1.5 = parcial 0 = não atende / sem evidência | S6: 3 pts: prazos claros e registrados, monitoramento e medidas diante de descumprimento. 1,5 pt: há prazos, mas sem controle sistemático. 0 pt: inexistência de prazos/monitoramento ou sem evidência. | T6: Resposta original consolidada do diagnóstico das Ouvidorias Estaduais de Serviços Penais. | U6: Art. 6º, §1º, IV; art. 10, II e IV; art. 13, IV e V. | V6: 3 = atende 1.5 = parcial 0 = não atende / sem evidência | W6: Soma automática das perguntas desta dimensão. | X6: Referência documental geral das respostas: Doc. SEI 37070578.
A7: AC | B7: Acre | C7: Atende | D7: Vinculada diretamente ao Gabinete ou à autoridade máxima do órgão gestor do sistema penal | E7: Art. 4º, I; art. 6º, §1º, I. | F7: =IF(C7="Atende",3,IF(C7="Parcial",1.5,0)) -> 3 | G7: Atende | H7: Há ouvidor(a) designado(a) formalmente pela autoridade máxima do órgão gestor do sistema penal | I7: Art. 4º, I; art. 8º, caput. | J7: =IF(G7="Atende",3,IF(G7="Parcial",1.5,0)) -> 3 | K7: Atende | L7: Indica a denominação da Ouvidoria de Serviços Penais e sua vinculação na estrutura organizacional do órgão;Define as competências básicas, compreendendo o recebimento, a análise, o encaminhamento e a resposta às manifestações;Especifica, entre o público atendido, cidadãos, servidores(as), pessoas privadas de liberdade e seus familiares;Garante a proteção da identidade do(a) manifestante e a confidencialidade das informações;Enuncia a finalidade da Ouvidoria de Serviços Penais como instância permanente de interlocução entre cidadãos, pessoas privadas de liberdade, familiares e servidores(as) penais e a administração penitenciária; | M7: Art. 6º, §1º, III; art. 10, II. | N7: =IF(K7="Atende",3,IF(K7="Parcial",1.5,0)) -> 3 | O7: Parcial | P7: Há fluxo descrito, mas pouco aplicado na prática | Q7: Art. 13, caput e incisos I a V. | R7: =IF(O7="Atende",3,IF(O7="Parcial",1.5,0)) -> 1.5 | S7: Atende | T7: Há prazos definidos (em norma ou ato interno), com tentativas de cumprimento, mas sem controle sistemático | U7: Art. 6º, §1º, IV; art. 10, II e IV; art. 13, IV e V. | V7: =IF(S7="Atende",3,IF(S7="Parcial",1.5,0)) -> 3 | W7: =SUM(F7,J7,N7,R7,V7) -> 13.5 | X7: Doc. SEI 37070578
A8: AL | B8: Alagoas | C8: Atende | D8: Vinculada diretamente ao Gabinete ou à autoridade máxima do órgão gestor do sistema penal | E8: Art. 4º, I; art. 6º, §1º, I. | F8: =IF(C8="Atende",3,IF(C8="Parcial",1.5,0)) -> 3 | G8: Atende | H8: Há ouvidor(a) designado(a) formalmente pela autoridade máxima do órgão gestor do sistema penal | I8: Art. 4º, I; art. 8º, caput. | J8: =IF(G8="Atende",3,IF(G8="Parcial",1.5,0)) -> 3 | K8: Não atende | L8: Não há normativa; | M8: Art. 6º, §1º, III; art. 10, II. | N8: =IF(K8="Atende",3,IF(K8="Parcial",1.5,0)) -> 0 | O8: Não atende | P8: Há fluxo informal (cada caso é tratado de forma diferente, sem padronização) | Q8: Art. 13, caput e incisos I a V. | R8: =IF(O8="Atende",3,IF(O8="Parcial",1.5,0)) -> 0 | S8: Atende | T8: Há prazos claros e registrados, com monitoramento das respostas das áreas e medidas adotadas em caso de descumprimento (cobrança, reencaminhamento, informação a instâncias superiores etc.) | U8: Art. 6º, §1º, IV; art. 10, II e IV; art. 13, IV e V. | V8: =IF(S8="Atende",3,IF(S8="Parcial",1.5,0)) -> 3 | W8: =SUM(F8,J8,N8,R8,V8) -> 9 | X8: Doc. SEI 37070578
A9: AP | B9: Amapá | C9: Atende | D9: Vinculada diretamente ao Gabinete ou à autoridade máxima do órgão gestor do sistema penal | E9: Art. 4º, I; art. 6º, §1º, I. | F9: =IF(C9="Atende",3,IF(C9="Parcial",1.5,0)) -> 3 | G9: Atende | H9: Há ouvidor(a) designado(a) formalmente pela autoridade máxima do órgão gestor do sistema penal | I9: Art. 4º, I; art. 8º, caput. | J9: =IF(G9="Atende",3,IF(G9="Parcial",1.5,0)) -> 3 | K9: Atende | L9: Indica a denominação da Ouvidoria de Serviços Penais e sua vinculação na estrutura organizacional do órgão;Estabelece prazos para resposta das áreas competentes e para devolutiva ao(à) manifestante;Define as competências básicas, compreendendo o recebimento, a análise, o encaminhamento e a resposta às manifestações;Garante a proteção da identidade do(a) manifestante e a confidencialidade das informações;Prevê que a resposta ao(à) manifestante deve ser prestada em linguagem clara, acessível e respeitosa;Determina que a Ouvidoria deve identificar padrões e tendências nas manifestações para elaborar diagnósticos e propor melhorias contínuas;Enuncia a finalidade da Ouvidoria de Serviços Penais como instância permanente de interlocução entre cidadãos, pessoas privadas de liberdade, familiares e servidores(as) penais e a administração penitenciária;Prevê que a Ouvidoria pode solicitar informações e documentos e requisitar apuração às áreas competentes, com prazos definidos; | M9: Art. 6º, §1º, III; art. 10, II. | N9: =IF(K9="Atende",3,IF(K9="Parcial",1.5,0)) -> 3 | O9: Atende | P9: Há fluxo formalizado e efetivamente utilizado, contemplando, no mínimo, recebimento, registro, encaminhamento à área competente, acompanhamento da resposta e devolutiva ao(à) manifestante, quando aplicável | Q9: Art. 13, caput e incisos I a V. | R9: =IF(O9="Atende",3,IF(O9="Parcial",1.5,0)) -> 3 | S9: Atende | T9: Há prazos claros e registrados, com monitoramento das respostas das áreas e medidas adotadas em caso de descumprimento (cobrança, reencaminhamento, informação a instâncias superiores etc.) | U9: Art. 6º, §1º, IV; art. 10, II e IV; art. 13, IV e V. | V9: =IF(S9="Atende",3,IF(S9="Parcial",1.5,0)) -> 3 | W9: =SUM(F9,J9,N9,R9,V9) -> 15 | X9: Doc. SEI 37070578
A10: AM | B10: Amazonas | C10: Atende | D10: Vinculada diretamente ao Gabinete ou à autoridade máxima do órgão gestor do sistema penal | E10: Art. 4º, I; art. 6º, §1º, I. | F10: =IF(C10="Atende",3,IF(C10="Parcial",1.5,0)) -> 3 | G10: Atende | H10: Há ouvidor(a) designado(a) formalmente pela autoridade máxima do órgão gestor do sistema penal | I10: Art. 4º, I; art. 8º, caput. | J10: =IF(G10="Atende",3,IF(G10="Parcial",1.5,0)) -> 3 | K10: Atende | L10: Indica a denominação da Ouvidoria de Serviços Penais e sua vinculação na estrutura organizacional do órgão;Define as competências básicas, compreendendo o recebimento, a análise, o encaminhamento e a resposta às manifestações;Especifica, entre o público atendido, cidadãos, servidores(as), pessoas privadas de liberdade e seus familiares;Estabelece o dever de colaboração das áreas técnicas e administrativas do órgão com as demandas encaminhadas pela Ouvidoria;Prevê que a Ouvidoria pode solicitar informações e documentos e requisitar apuração às áreas competentes, com prazos definidos;Estabelece prazos para resposta das áreas competentes e para devolutiva ao(à) manifestante;Garante a proteção da identidade do(a) manifestante e a confidencialidade das informações;Prevê que a resposta ao(à) manifestante deve ser prestada em linguagem clara, acessível e respeitosa;Determina que a Ouvidoria deve identificar padrões e tendências nas manifestações para elaborar diagnósticos e propor melhorias contínuas;Prevê a elaboração e publicação de relatórios periódicos de atividades, com dados estatísticos e indicadores de desempenho;Enuncia a finalidade da Ouvidoria de Serviços Penais como instância permanente de interlocução entre cidadãos, pessoas privadas de liberdade, familiares e servidores(as) penais e a administração penitenciária; | M10: Art. 6º, §1º, III; art. 10, II. | N10: =IF(K10="Atende",3,IF(K10="Parcial",1.5,0)) -> 3 | O10: Atende | P10: Há fluxo formalizado e efetivamente utilizado, contemplando, no mínimo, recebimento, registro, encaminhamento à área competente, acompanhamento da resposta e devolutiva ao(à) manifestante, quando aplicável | Q10: Art. 13, caput e incisos I a V. | R10: =IF(O10="Atende",3,IF(O10="Parcial",1.5,0)) -> 3 | S10: Atende | T10: Há prazos claros e registrados, com monitoramento das respostas das áreas e medidas adotadas em caso de descumprimento (cobrança, reencaminhamento, informação a instâncias superiores etc.) | U10: Art. 6º, §1º, IV; art. 10, II e IV; art. 13, IV e V. | V10: =IF(S10="Atende",3,IF(S10="Parcial",1.5,0)) -> 3 | W10: =SUM(F10,J10,N10,R10,V10) -> 15 | X10: Doc. SEI 37070578
A11: BA | B11: Bahia | C11: Atende | D11: Vinculada diretamente ao Gabinete ou à autoridade máxima do órgão gestor do sistema penal | E11: Art. 4º, I; art. 6º, §1º, I. | F11: =IF(C11="Atende",3,IF(C11="Parcial",1.5,0)) -> 3 | G11: Atende | H11: Há ouvidor(a) designado(a) formalmente pela autoridade máxima do órgão gestor do sistema penal | I11: Art. 4º, I; art. 8º, caput. | J11: =IF(G11="Atende",3,IF(G11="Parcial",1.5,0)) -> 3 | K11: Atende | L11: Indica a denominação da Ouvidoria de Serviços Penais e sua vinculação na estrutura organizacional do órgão;Define as competências básicas, compreendendo o recebimento, a análise, o encaminhamento e a resposta às manifestações; | M11: Art. 6º, §1º, III; art. 10, II. | N11: =IF(K11="Atende",3,IF(K11="Parcial",1.5,0)) -> 3 | O11: Atende | P11: Há fluxo formalizado e efetivamente utilizado, contemplando, no mínimo, recebimento, registro, encaminhamento à área competente, acompanhamento da resposta e devolutiva ao(à) manifestante, quando aplicável | Q11: Art. 13, caput e incisos I a V. | R11: =IF(O11="Atende",3,IF(O11="Parcial",1.5,0)) -> 3 | S11: Atende | T11: Há prazos claros e registrados, com monitoramento das respostas das áreas e medidas adotadas em caso de descumprimento (cobrança, reencaminhamento, informação a instâncias superiores etc.) | U11: Art. 6º, §1º, IV; art. 10, II e IV; art. 13, IV e V. | V11: =IF(S11="Atende",3,IF(S11="Parcial",1.5,0)) -> 3 | W11: =SUM(F11,J11,N11,R11,V11) -> 15 | X11: Doc. SEI 37070578
A12: CE | B12: Ceará | C12: Atende | D12: Vinculada diretamente ao Gabinete ou à autoridade máxima do órgão gestor do sistema penal | E12: Art. 4º, I; art. 6º, §1º, I. | F12: =IF(C12="Atende",3,IF(C12="Parcial",1.5,0)) -> 3 | G12: Atende | H12: Há ouvidor(a) designado(a) formalmente pela autoridade máxima do órgão gestor do sistema penal | I12: Art. 4º, I; art. 8º, caput. | J12: =IF(G12="Atende",3,IF(G12="Parcial",1.5,0)) -> 3 | K12: Atende | L12: Indica a denominação da Ouvidoria de Serviços Penais e sua vinculação na estrutura organizacional do órgão;Define as competências básicas, compreendendo o recebimento, a análise, o encaminhamento e a resposta às manifestações;Especifica, entre o público atendido, cidadãos, servidores(as), pessoas privadas de liberdade e seus familiares;Estabelece o dever de colaboração das áreas técnicas e administrativas do órgão com as demandas encaminhadas pela Ouvidoria;Prevê que a Ouvidoria pode solicitar informações e documentos e requisitar apuração às áreas competentes, com prazos definidos;Estabelece prazos para resposta das áreas competentes e para devolutiva ao(à) manifestante;Garante a proteção da identidade do(a) manifestante e a confidencialidade das informações;Prevê que a resposta ao(à) manifestante deve ser prestada em linguagem clara, acessível e respeitosa;Determina que a Ouvidoria deve identificar padrões e tendências nas manifestações para elaborar diagnósticos e propor melhorias contínuas;Prevê a elaboração e publicação de relatórios periódicos de atividades, com dados estatísticos e indicadores de desempenho;Enuncia a finalidade da Ouvidoria de Serviços Penais como instância permanente de interlocução entre cidadãos, pessoas privadas de liberdade, familiares e servidores(as) penais e a administração penitenciária; | M12: Art. 6º, §1º, III; art. 10, II. | N12: =IF(K12="Atende",3,IF(K12="Parcial",1.5,0)) -> 3 | O12: Atende | P12: Há fluxo formalizado e efetivamente utilizado, contemplando, no mínimo, recebimento, registro, encaminhamento à área competente, acompanhamento da resposta e devolutiva ao(à) manifestante, quando aplicável | Q12: Art. 13, caput e incisos I a V. | R12: =IF(O12="Atende",3,IF(O12="Parcial",1.5,0)) -> 3 | S12: Atende | T12: Há prazos claros e registrados, com monitoramento das respostas das áreas e medidas adotadas em caso de descumprimento (cobrança, reencaminhamento, informação a instâncias superiores etc.) | U12: Art. 6º, §1º, IV; art. 10, II e IV; art. 13, IV e V. | V12: =IF(S12="Atende",3,IF(S12="Parcial",1.5,0)) -> 3 | W12: =SUM(F12,J12,N12,R12,V12) -> 15 | X12: Doc. SEI 37070578
A13: DF | B13: Distrito Federal | C13: Atende | D13: Vinculada diretamente ao Gabinete ou à autoridade máxima do órgão gestor do sistema penal | E13: Art. 4º, I; art. 6º, §1º, I. | F13: =IF(C13="Atende",3,IF(C13="Parcial",1.5,0)) -> 3 | G13: Atende | H13: Há ouvidor(a) designado(a) formalmente pela autoridade máxima do órgão gestor do sistema penal | I13: Art. 4º, I; art. 8º, caput. | J13: =IF(G13="Atende",3,IF(G13="Parcial",1.5,0)) -> 3 | K13: Não atende | L13: Indica a denominação da Ouvidoria de Serviços Penais e sua vinculação na estrutura organizacional do órgão; | M13: Art. 6º, §1º, III; art. 10, II. | N13: =IF(K13="Atende",3,IF(K13="Parcial",1.5,0)) -> 0 | O13: Atende | P13: Há fluxo formalizado e efetivamente utilizado, contemplando, no mínimo, recebimento, registro, encaminhamento à área competente, acompanhamento da resposta e devolutiva ao(à) manifestante, quando aplicável | Q13: Art. 13, caput e incisos I a V. | R13: =IF(O13="Atende",3,IF(O13="Parcial",1.5,0)) -> 3 | S13: Atende | T13: Há prazos claros e registrados, com monitoramento das respostas das áreas e medidas adotadas em caso de descumprimento (cobrança, reencaminhamento, informação a instâncias superiores etc.) | U13: Art. 6º, §1º, IV; art. 10, II e IV; art. 13, IV e V. | V13: =IF(S13="Atende",3,IF(S13="Parcial",1.5,0)) -> 3 | W13: =SUM(F13,J13,N13,R13,V13) -> 12 | X13: Doc. SEI 37070578
A14: ES | B14: Espírito Santo — Polícia Penal | C14: Atende | D14: Vinculada diretamente ao Gabinete ou à autoridade máxima do órgão gestor do sistema penal | E14: Art. 4º, I; art. 6º, §1º, I. | F14: =IF(C14="Atende",3,IF(C14="Parcial",1.5,0)) -> 3 | G14: Atende | H14: Há ouvidor(a) designado(a) formalmente pela autoridade máxima do órgão gestor do sistema penal | I14: Art. 4º, I; art. 8º, caput. | J14: =IF(G14="Atende",3,IF(G14="Parcial",1.5,0)) -> 3 | K14: Atende | L14: Estabelece prazos para resposta das áreas competentes e para devolutiva ao(à) manifestante;Prevê que a Ouvidoria pode solicitar informações e documentos e requisitar apuração às áreas competentes, com prazos definidos;Estabelece o dever de colaboração das áreas técnicas e administrativas do órgão com as demandas encaminhadas pela Ouvidoria;Define as competências básicas, compreendendo o recebimento, a análise, o encaminhamento e a resposta às manifestações;Garante a proteção da identidade do(a) manifestante e a confidencialidade das informações;Define mandato, regras de substituição e regras de confidencialidade aplicáveis ao(à) Ouvidor(a) e à equipe;Prevê que a resposta ao(à) manifestante deve ser prestada em linguagem clara, acessível e respeitosa;Indica a denominação da Ouvidoria de Serviços Penais e sua vinculação na estrutura organizacional do órgão; | M14: Art. 6º, §1º, III; art. 10, II. | N14: =IF(K14="Atende",3,IF(K14="Parcial",1.5,0)) -> 3 | O14: Atende | P14: Há fluxo formalizado e efetivamente utilizado, contemplando, no mínimo, recebimento, registro, encaminhamento à área competente, acompanhamento da resposta e devolutiva ao(à) manifestante, quando aplicável | Q14: Art. 13, caput e incisos I a V. | R14: =IF(O14="Atende",3,IF(O14="Parcial",1.5,0)) -> 3 | S14: Atende | T14: Há prazos claros e registrados, com monitoramento das respostas das áreas e medidas adotadas em caso de descumprimento (cobrança, reencaminhamento, informação a instâncias superiores etc.) | U14: Art. 6º, §1º, IV; art. 10, II e IV; art. 13, IV e V. | V14: =IF(S14="Atende",3,IF(S14="Parcial",1.5,0)) -> 3 | W14: =SUM(F14,J14,N14,R14,V14) -> 15 | X14: Doc. SEI 37070578
A15: ES | B15: Espírito Santo — SEJUS/ES | C15: Atende | D15: Vinculada diretamente ao Gabinete ou à autoridade máxima do órgão gestor do sistema penal | E15: Art. 4º, I; art. 6º, §1º, I. | F15: =IF(C15="Atende",3,IF(C15="Parcial",1.5,0)) -> 3 | G15: Atende | H15: Há ouvidor(a) designado(a) formalmente pela autoridade máxima do órgão gestor do sistema penal | I15: Art. 4º, I; art. 8º, caput. | J15: =IF(G15="Atende",3,IF(G15="Parcial",1.5,0)) -> 3 | K15: Atende | L15: Prevê que a Ouvidoria pode solicitar informações e documentos e requisitar apuração às áreas competentes, com prazos definidos;Estabelece prazos para resposta das áreas competentes e para devolutiva ao(à) manifestante;Garante a proteção da identidade do(a) manifestante e a confidencialidade das informações;Prevê que a resposta ao(à) manifestante deve ser prestada em linguagem clara, acessível e respeitosa;Define as competências básicas, compreendendo o recebimento, a análise, o encaminhamento e a resposta às manifestações;Estabelece o dever de colaboração das áreas técnicas e administrativas do órgão com as demandas encaminhadas pela Ouvidoria; | M15: Art. 6º, §1º, III; art. 10, II. | N15: =IF(K15="Atende",3,IF(K15="Parcial",1.5,0)) -> 3 | O15: Atende | P15: Há fluxo formalizado e efetivamente utilizado, contemplando, no mínimo, recebimento, registro, encaminhamento à área competente, acompanhamento da resposta e devolutiva ao(à) manifestante, quando aplicável | Q15: Art. 13, caput e incisos I a V. | R15: =IF(O15="Atende",3,IF(O15="Parcial",1.5,0)) -> 3 | S15: Atende | T15: Há prazos claros e registrados, com monitoramento das respostas das áreas e medidas adotadas em caso de descumprimento (cobrança, reencaminhamento, informação a instâncias superiores etc.) | U15: Art. 6º, §1º, IV; art. 10, II e IV; art. 13, IV e V. | V15: =IF(S15="Atende",3,IF(S15="Parcial",1.5,0)) -> 3 | W15: =SUM(F15,J15,N15,R15,V15) -> 15 | X15: Doc. SEI 37070578
A16: GO | B16: Goiás | C16: Atende | D16: Vinculada diretamente ao Gabinete ou à autoridade máxima do órgão gestor do sistema penal | E16: Art. 4º, I; art. 6º, §1º, I. | F16: =IF(C16="Atende",3,IF(C16="Parcial",1.5,0)) -> 3 | G16: Atende | H16: Há ouvidor(a) designado(a) formalmente pela autoridade máxima do órgão gestor do sistema penal | I16: Art. 4º, I; art. 8º, caput. | J16: =IF(G16="Atende",3,IF(G16="Parcial",1.5,0)) -> 3 | K16: Atende | L16: Define mandato, regras de substituição e regras de confidencialidade aplicáveis ao(à) Ouvidor(a) e à equipe;Enuncia a finalidade da Ouvidoria de Serviços Penais como instância permanente de interlocução entre cidadãos, pessoas privadas de liberdade, familiares e servidores(as) penais e a administração penitenciária;Prevê a elaboração e publicação de relatórios periódicos de atividades, com dados estatísticos e indicadores de desempenho;Determina que a Ouvidoria deve identificar padrões e tendências nas manifestações para elaborar diagnósticos e propor melhorias contínuas;Prevê que a resposta ao(à) manifestante deve ser prestada em linguagem clara, acessível e respeitosa;Garante a proteção da identidade do(a) manifestante e a confidencialidade das informações;Estabelece prazos para resposta das áreas competentes e para devolutiva ao(à) manifestante;Prevê que a Ouvidoria pode solicitar informações e documentos e requisitar apuração às áreas competentes, com prazos definidos;Estabelece o dever de colaboração das áreas técnicas e administrativas do órgão com as demandas encaminhadas pela Ouvidoria;Especifica, entre o público atendido, cidadãos, servidores(as), pessoas privadas de liberdade e seus familiares;Define as competências básicas, compreendendo o recebimento, a análise, o encaminhamento e a resposta às manifestações;Indica a denominação da Ouvidoria de Serviços Penais e sua vinculação na estrutura organizacional do órgão; | M16: Art. 6º, §1º, III; art. 10, II. | N16: =IF(K16="Atende",3,IF(K16="Parcial",1.5,0)) -> 3 | O16: Atende | P16: Há fluxo formalizado e efetivamente utilizado, contemplando, no mínimo, recebimento, registro, encaminhamento à área competente, acompanhamento da resposta e devolutiva ao(à) manifestante, quando aplicável | Q16: Art. 13, caput e incisos I a V. | R16: =IF(O16="Atende",3,IF(O16="Parcial",1.5,0)) -> 3 | S16: Atende | T16: Há prazos claros e registrados, com monitoramento das respostas das áreas e medidas adotadas em caso de descumprimento (cobrança, reencaminhamento, informação a instâncias superiores etc.) | U16: Art. 6º, §1º, IV; art. 10, II e IV; art. 13, IV e V. | V16: =IF(S16="Atende",3,IF(S16="Parcial",1.5,0)) -> 3 | W16: =SUM(F16,J16,N16,R16,V16) -> 15 | X16: Doc. SEI 37070578
A17: MA | B17: Maranhão | C17: Atende | D17: Vinculada diretamente ao Gabinete ou à autoridade máxima do órgão gestor do sistema penal | E17: Art. 4º, I; art. 6º, §1º, I. | F17: =IF(C17="Atende",3,IF(C17="Parcial",1.5,0)) -> 3 | G17: Atende | H17: Há ouvidor(a) designado(a) formalmente pela autoridade máxima do órgão gestor do sistema penal | I17: Art. 4º, I; art. 8º, caput. | J17: =IF(G17="Atende",3,IF(G17="Parcial",1.5,0)) -> 3 | K17: Atende | L17: Indica a denominação da Ouvidoria de Serviços Penais e sua vinculação na estrutura organizacional do órgão;Define as competências básicas, compreendendo o recebimento, a análise, o encaminhamento e a resposta às manifestações;Estabelece o dever de colaboração das áreas técnicas e administrativas do órgão com as demandas encaminhadas pela Ouvidoria;Enuncia a finalidade da Ouvidoria de Serviços Penais como instância permanente de interlocução entre cidadãos, pessoas privadas de liberdade, familiares e servidores(as) penais e a administração penitenciária;Determina que a Ouvidoria deve identificar padrões e tendências nas manifestações para elaborar diagnósticos e propor melhorias contínuas;Prevê que a Ouvidoria pode solicitar informações e documentos e requisitar apuração às áreas competentes, com prazos definidos;Especifica, entre o público atendido, cidadãos, servidores(as), pessoas privadas de liberdade e seus familiares; | M17: Art. 6º, §1º, III; art. 10, II. | N17: =IF(K17="Atende",3,IF(K17="Parcial",1.5,0)) -> 3 | O17: Atende | P17: Há fluxo formalizado e efetivamente utilizado, contemplando, no mínimo, recebimento, registro, encaminhamento à área competente, acompanhamento da resposta e devolutiva ao(à) manifestante, quando aplicável | Q17: Art. 13, caput e incisos I a V. | R17: =IF(O17="Atende",3,IF(O17="Parcial",1.5,0)) -> 3 | S17: Atende | T17: Há prazos claros e registrados, com monitoramento das respostas das áreas e medidas adotadas em caso de descumprimento (cobrança, reencaminhamento, informação a instâncias superiores etc.) | U17: Art. 6º, §1º, IV; art. 10, II e IV; art. 13, IV e V. | V17: =IF(S17="Atende",3,IF(S17="Parcial",1.5,0)) -> 3 | W17: =SUM(F17,J17,N17,R17,V17) -> 15 | X17: Doc. SEI 37070578
A18: MT | B18: Mato Grosso | C18: Atende | D18: Vinculada diretamente ao Gabinete ou à autoridade máxima do órgão gestor do sistema penal | E18: Art. 4º, I; art. 6º, §1º, I. | F18: =IF(C18="Atende",3,IF(C18="Parcial",1.5,0)) -> 3 | G18: Atende | H18: Há ouvidor(a) designado(a) formalmente pela autoridade máxima do órgão gestor do sistema penal | I18: Art. 4º, I; art. 8º, caput. | J18: =IF(G18="Atende",3,IF(G18="Parcial",1.5,0)) -> 3 | K18: Atende | L18: Indica a denominação da Ouvidoria de Serviços Penais e sua vinculação na estrutura organizacional do órgão;Define as competências básicas, compreendendo o recebimento, a análise, o encaminhamento e a resposta às manifestações;Especifica, entre o público atendido, cidadãos, servidores(as), pessoas privadas de liberdade e seus familiares;Estabelece o dever de colaboração das áreas técnicas e administrativas do órgão com as demandas encaminhadas pela Ouvidoria;Estabelece prazos para resposta das áreas competentes e para devolutiva ao(à) manifestante;Garante a proteção da identidade do(a) manifestante e a confidencialidade das informações;Prevê que a resposta ao(à) manifestante deve ser prestada em linguagem clara, acessível e respeitosa;Determina que a Ouvidoria deve identificar padrões e tendências nas manifestações para elaborar diagnósticos e propor melhorias contínuas;Prevê a elaboração e publicação de relatórios periódicos de atividades, com dados estatísticos e indicadores de desempenho;Enuncia a finalidade da Ouvidoria de Serviços Penais como instância permanente de interlocução entre cidadãos, pessoas privadas de liberdade, familiares e servidores(as) penais e a administração penitenciária;Define mandato, regras de substituição e regras de confidencialidade aplicáveis ao(à) Ouvidor(a) e à equipe;Prevê que a Ouvidoria pode solicitar informações e documentos e requisitar apuração às áreas competentes, com prazos definidos; | M18: Art. 6º, §1º, III; art. 10, II. | N18: =IF(K18="Atende",3,IF(K18="Parcial",1.5,0)) -> 3 | O18: Atende | P18: Há fluxo formalizado e efetivamente utilizado, contemplando, no mínimo, recebimento, registro, encaminhamento à área competente, acompanhamento da resposta e devolutiva ao(à) manifestante, quando aplicável | Q18: Art. 13, caput e incisos I a V. | R18: =IF(O18="Atende",3,IF(O18="Parcial",1.5,0)) -> 3 | S18: Atende | T18: Há prazos claros e registrados, com monitoramento das respostas das áreas e medidas adotadas em caso de descumprimento (cobrança, reencaminhamento, informação a instâncias superiores etc.) | U18: Art. 6º, §1º, IV; art. 10, II e IV; art. 13, IV e V. | V18: =IF(S18="Atende",3,IF(S18="Parcial",1.5,0)) -> 3 | W18: =SUM(F18,J18,N18,R18,V18) -> 15 | X18: Doc. SEI 37070578
... A32: SP | B32: São Paulo | C32: Atende | D32: Vinculada diretamente ao Gabinete ou à autoridade máxima do órgão gestor do sistema penal | E32: Art. 4º, I; art. 6º, §1º, I. | F32: =IF(C32="Atende",3,IF(C32="Parcial",1.5,0)) -> 3 | G32: Atende | H32: Há ouvidor(a) designado(a) formalmente pela autoridade máxima do órgão gestor do sistema penal | I32: Art. 4º, I; art. 8º, caput. | J32: =IF(G32="Atende",3,IF(G32="Parcial",1.5,0)) -> 3 | K32: Atende | L32: Especifica, entre o público atendido, cidadãos, servidores(as), pessoas privadas de liberdade e seus familiares;Define as competências básicas, compreendendo o recebimento, a análise, o encaminhamento e a resposta às manifestações;Indica a denominação da Ouvidoria de Serviços Penais e sua vinculação na estrutura organizacional do órgão;Estabelece o dever de colaboração das áreas técnicas e administrativas do órgão com as demandas encaminhadas pela Ouvidoria;Prevê que a Ouvidoria pode solicitar informações e documentos e requisitar apuração às áreas competentes, com prazos definidos;Estabelece prazos para resposta das áreas competentes e para devolutiva ao(à) manifestante;Prevê que a resposta ao(à) manifestante deve ser prestada em linguagem clara, acessível e respeitosa;Garante a proteção da identidade do(a) manifestante e a confidencialidade das informações;Determina que a Ouvidoria deve identificar padrões e tendências nas manifestações para elaborar diagnósticos e propor melhorias contínuas;Prevê a elaboração e publicação de relatórios periódicos de atividades, com dados estatísticos e indicadores de desempenho;Enuncia a finalidade da Ouvidoria de Serviços Penais como instância permanente de interlocução entre cidadãos, pessoas privadas de liberdade, familiares e servidores(as) penais e a administração penitenciária;Define mandato, regras de substituição e regras de confidencialidade aplicáveis ao(à) Ouvidor(a) e à equipe; | M32: Art. 6º, §1º, III; art. 10, II. | N32: =IF(K32="Atende",3,IF(K32="Parcial",1.5,0)) -> 3 | O32: Atende | P32: Há fluxo formalizado e efetivamente utilizado, contemplando, no mínimo, recebimento, registro, encaminhamento à área competente, acompanhamento da resposta e devolutiva ao(à) manifestante, quando aplicável | Q32: Art. 13, caput e incisos I a V. | R32: =IF(O32="Atende",3,IF(O32="Parcial",1.5,0)) -> 3 | S32: Atende | T32: Há prazos claros e registrados, com monitoramento das respostas das áreas e medidas adotadas em caso de descumprimento (cobrança, reencaminhamento, informação a instâncias superiores etc.) | U32: Art. 6º, §1º, IV; art. 10, II e IV; art. 13, IV e V. | V32: =IF(S32="Atende",3,IF(S32="Parcial",1.5,0)) -> 3 | W32: =SUM(F32,J32,N32,R32,V32) -> 15 | X32: Doc. SEI 37070578
A33: SE | B33: Sergipe | C33: Sem evidência | D33: Sem resposta no diagnóstico | E33: Art. 4º, I; art. 6º, §1º, I. | F33: =IF(C33="Atende",3,IF(C33="Parcial",1.5,0)) -> 0 | G33: Sem evidência | H33: Sem resposta no diagnóstico | I33: Art. 4º, I; art. 8º, caput. | J33: =IF(G33="Atende",3,IF(G33="Parcial",1.5,0)) -> 0 | K33: Não atende | L33: Sem resposta no diagnóstico | M33: Art. 6º, §1º, III; art. 10, II. | N33: =IF(K33="Atende",3,IF(K33="Parcial",1.5,0)) -> 0 | P33: Sem resposta no diagnóstico | Q33: Art. 13, caput e incisos I a V. | R33: =IF(O33="Atende",3,IF(O33="Parcial",1.5,0)) -> 0 | S33: Não atende | T33: Sem resposta no diagnóstico | U33: Art. 6º, §1º, IV; art. 10, II e IV; art. 13, IV e V. | V33: =IF(S33="Atende",3,IF(S33="Parcial",1.5,0)) -> 0 | W33: =SUM(F33,J33,N33,R33,V33) -> 0 | X33: Doc. SEI 37070578
A34: TO | B34: Tocantins | C34: Não atende | D34: Não se aplica (não há ouvidoria própria prevista) | E34: Art. 4º, I; art. 6º, §1º, I. | F34: =IF(C34="Atende",3,IF(C34="Parcial",1.5,0)) -> 0 | G34: Não atende | H34: Há ouvidor(a) designado(a) formalmente pela autoridade máxima do órgão gestor do sistema penal | I34: Art. 4º, I; art. 8º, caput. | J34: =IF(G34="Atende",3,IF(G34="Parcial",1.5,0)) -> 0 | K34: Não atende | L34: Não há normativa; | M34: Art. 6º, §1º, III; art. 10, II. | N34: =IF(K34="Atende",3,IF(K34="Parcial",1.5,0)) -> 0 | P34: Há fluxo formalizado e efetivamente utilizado, contemplando, no mínimo, recebimento, registro, encaminhamento à área competente, acompanhamento da resposta e devolutiva ao(à) manifestante, quando aplicável | Q34: Art. 13, caput e incisos I a V. | R34: =IF(O34="Atende",3,IF(O34="Parcial",1.5,0)) -> 0 | T34: Há prazos claros e registrados, com monitoramento das respostas das áreas e medidas adotadas em caso de descumprimento (cobrança, reencaminhamento, informação a instâncias superiores etc.) | U34: Art. 6º, §1º, IV; art. 10, II e IV; art. 13, IV e V. | V34: =IF(S34="Atende",3,IF(S34="Parcial",1.5,0)) -> 0 | W34: =SUM(F34,J34,N34,R34,V34) -> 0 | X34: Doc. SEI 37070578

Sheet 03_Imparcialidade
A1: 03 — Imparcialidade, sigilo e proteção
A2: Peso da dimensão: 15 pontos. Cada pergunta do diagnóstico pertence exclusivamente a uma única dimensão da matriz.
A4: Identificação | C4: Item 1 — Proteção e tratamento de denúncias graves e sensíveis | G4: Item 2 — Confidencialidade e sigilo da equipe | K4: Resultado da dimensão
A5: UF | B5: Unidade Federativa | C5: M4-69 — Tratamento de denúncias graves e sensíveis | D5: Resposta do diagnóstico | E5: Fundamentação na IN nº 75/2026 | F5: 8 pts | G5: M3-63 — Compromisso de sigilo da equipe | H5: Resposta do diagnóstico | I5: Fundamentação na IN nº 75/2026 | J5: 7 pts | K5: Pontuação /15 | L5: Evidências / observações
A6: Como aplicar / resposta / fundamento → | C6: 8 pts: há tratamento específico para denúncias graves/sensíveis, com proteção da identidade, sigilo reforçado ou restrição de acesso e encaminhamento adequado. 4 pts: tratamento diferenciado, mas incompleto. 0 pt: inexistência de proteção específica ou sem evidência. | D6: Resposta original consolidada do diagnóstico das Ouvidorias Estaduais de Serviços Penais. | E6: Art. 4º, II e §2º; art. 10, III. | F6: 8 = atende 4 = parcial 0 = não atende / sem evidência | G6: 7 pts: equipe e colaboradores possuem compromisso formal de sigilo. 3,5 pts: compromisso parcial, informal ou não abrangente. 0 pt: inexistente ou sem evidência. | H6: Resposta original consolidada do diagnóstico das Ouvidorias Estaduais de Serviços Penais. | I6: Art. 9º, §4º. | J6: 7 = atende 3.5 = parcial 0 = não atende / sem evidência | K6: Soma automática das perguntas desta dimensão. | L6: Referência documental geral das respostas: Doc. SEI 37070578.
A7: AC | B7: Acre | C7: Atende | D7: Protocolo para situações de risco à vida ou à integridade de pessoas privadas de liberdade; | E7: Art. 4º, II e §2º; art. 10, III. | F7: =IF(C7="Atende",8,IF(C7="Parcial",4,0)) -> 8 | G7: Parcial | H7: Há cláusulas genéricas de sigilo em códigos de ética ou normativos equivalentes | I7: Art. 9º, §4º. | J7: =IF(G7="Atende",7,IF(G7="Parcial",3.5,0)) -> 3.5 | K7: =SUM(F7,J7) -> 11.5 | L7: Doc. SEI 37070578
A8: AL | B8: Alagoas | C8: Atende | D8: Protocolo para situações de risco à vida ou à integridade de pessoas privadas de liberdade;Protocolo para casos de tortura ou tratamento cruel, desumano ou degradante em unidades penais;Protocolo para outras formas de violência institucional em unidades penais;Protocolo para assédio moral ou sexual envolvendo servidores(as) penais;Protocolo para ameaças, retaliações ou perseguições contra servidores(as) penais em razão de manifestações ou denúncias;Protocolo para corrupção e irregularidades graves na gestão dos serviços penais;Procedimentos de sigilo reforçado, restrição de acesso e fluxos de emergência para esses casos; | E8: Art. 4º, II e §2º; art. 10, III. | F8: =IF(C8="Atende",8,IF(C8="Parcial",4,0)) -> 8 | G8: Não atende | H8: Não há qualquer instrumento formal de sigilo para a equipe da Ouvidoria | I8: Art. 9º, §4º. | J8: =IF(G8="Atende",7,IF(G8="Parcial",3.5,0)) -> 0 | K8: =SUM(F8,J8) -> 8 | L8: Doc. SEI 37070578
A9: AP | B9: Amapá | C9: Atende | D9: Protocolo para casos de tortura ou tratamento cruel, desumano ou degradante em unidades penais;Protocolo para ameaças, retaliações ou perseguições contra servidores(as) penais em razão de manifestações ou denúncias; | E9: Art. 4º, II e §2º; art. 10, III. | F9: =IF(C9="Atende",8,IF(C9="Parcial",4,0)) -> 8 | G9: Atende | H9: A equipe assina Termo de Compromisso de Manutenção de Sigilo Funcional específico para atuação na Ouvidoria de Serviços Penais | I9: Art. 9º, §4º. | J9: =IF(G9="Atende",7,IF(G9="Parcial",3.5,0)) -> 7 | K9: =SUM(F9,J9) -> 15 | L9: Doc. SEI 37070578
A10: AM | B10: Amazonas | C10: Atende | D10: Protocolo para situações de risco à vida ou à integridade de pessoas privadas de liberdade;Protocolo para casos de tortura ou tratamento cruel, desumano ou degradante em unidades penais;Protocolo para outras formas de violência institucional em unidades penais;Protocolo para assédio moral ou sexual envolvendo servidores(as) penais;Protocolo para ameaças, retaliações ou perseguições contra servidores(as) penais em razão de manifestações ou denúncias;Protocolo para corrupção e irregularidades graves na gestão dos serviços penais;Procedimentos de sigilo reforçado, restrição de acesso e fluxos de emergência para esses casos; | E10: Art. 4º, II e §2º; art. 10, III. | F10: =IF(C10="Atende",8,IF(C10="Parcial",4,0)) -> 8 | G10: Atende | H10: Além do termo, há rotinas de reforço e capacitação periódica sobre sigilo e proteção de dados pessoais | I10: Art. 9º, §4º. | J10: =IF(G10="Atende",7,IF(G10="Parcial",3.5,0)) -> 7 | K10: =SUM(F10,J10) -> 15 | L10: Doc. SEI 37070578
A11: BA | B11: Bahia | C11: Atende | D11: Protocolo para ameaças, retaliações ou perseguições contra servidores(as) penais em razão de manifestações ou denúncias;Protocolo para assédio moral ou sexual envolvendo servidores(as) penais;Protocolo para outras formas de violência institucional em unidades penais;Protocolo para situações de risco à vida ou à integridade de pessoas privadas de liberdade;Protocolo para casos de tortura ou tratamento cruel, desumano ou degradante em unidades penais; | E11: Art. 4º, II e §2º; art. 10, III. | F11: =IF(C11="Atende",8,IF(C11="Parcial",4,0)) -> 8 | G11: Atende | H11: A equipe assina Termo de Compromisso de Manutenção de Sigilo Funcional específico para atuação na Ouvidoria de Serviços Penais | I11: Art. 9º, §4º. | J11: =IF(G11="Atende",7,IF(G11="Parcial",3.5,0)) -> 7 | K11: =SUM(F11,J11) -> 15 | L11: Doc. SEI 37070578
A12: CE | B12: Ceará | C12: Atende | D12: Protocolo para casos de tortura ou tratamento cruel, desumano ou degradante em unidades penais; | E12: Art. 4º, II e §2º; art. 10, III. | F12: =IF(C12="Atende",8,IF(C12="Parcial",4,0)) -> 8 | G12: Atende | H12: Além do termo, há rotinas de reforço e capacitação periódica sobre sigilo e proteção de dados pessoais | I12: Art. 9º, §4º. | J12: =IF(G12="Atende",7,IF(G12="Parcial",3.5,0)) -> 7 | K12: =SUM(F12,J12) -> 15 | L12: Doc. SEI 37070578
A13: DF | B13: Distrito Federal | C13: Atende | D13: Procedimentos de sigilo reforçado, restrição de acesso e fluxos de emergência para esses casos;Protocolo para assédio moral ou sexual envolvendo servidores(as) penais; | E13: Art. 4º, II e §2º; art. 10, III. | F13: =IF(C13="Atende",8,IF(C13="Parcial",4,0)) -> 8 | G13: Atende | H13: Além do termo, há rotinas de reforço e capacitação periódica sobre sigilo e proteção de dados pessoais | I13: Art. 9º, §4º. | J13: =IF(G13="Atende",7,IF(G13="Parcial",3.5,0)) -> 7 | K13: =SUM(F13,J13) -> 15 | L13: Doc. SEI 37070578
A14: ES | B14: Espírito Santo — Polícia Penal | C14: Atende | D14: Protocolo para situações de risco à vida ou à integridade de pessoas privadas de liberdade;Protocolo para casos de tortura ou tratamento cruel, desumano ou degradante em unidades penais;Protocolo para outras formas de violência institucional em unidades penais;Protocolo para assédio moral ou sexual envolvendo servidores(as) penais;Protocolo para ameaças, retaliações ou perseguições contra servidores(as) penais em razão de manifestações ou denúncias;Procedimentos de sigilo reforçado, restrição de acesso e fluxos de emergência para esses casos;Protocolo para corrupção e irregularidades graves na gestão dos serviços penais; | E14: Art. 4º, II e §2º; art. 10, III. | F14: =IF(C14="Atende",8,IF(C14="Parcial",4,0)) -> 8 | G14: Atende | H14: Além do termo, há rotinas de reforço e capacitação periódica sobre sigilo e proteção de dados pessoais | I14: Art. 9º, §4º. | J14: =IF(G14="Atende",7,IF(G14="Parcial",3.5,0)) -> 7 | K14: =SUM(F14,J14) -> 15 | L14: Doc. SEI 37070578
A15: ES | B15: Espírito Santo — SEJUS/ES | C15: Parcial | D15: Protocolo para assédio moral ou sexual envolvendo servidores(as) penais; | E15: Art. 4º, II e §2º; art. 10, III. | F15: =IF(C15="Atende",8,IF(C15="Parcial",4,0)) -> 4 | G15: Parcial | H15: Há cláusulas genéricas de sigilo em códigos de ética ou normativos equivalentes | I15: Art. 9º, §4º. | J15: =IF(G15="Atende",7,IF(G15="Parcial",3.5,0)) -> 3.5 | K15: =SUM(F15,J15) -> 7.5 | L15: Doc. SEI 37070578
A16: GO | B16: Goiás | C16: Atende | D16: Procedimentos de sigilo reforçado, restrição de acesso e fluxos de emergência para esses casos;Protocolo para situações de risco à vida ou à integridade de pessoas privadas de liberdade;Protocolo para assédio moral ou sexual envolvendo servidores(as) penais;Protocolo para outras formas de violência institucional em unidades penais;Protocolo para corrupção e irregularidades graves na gestão dos serviços penais;Protocolo para ameaças, retaliações ou perseguições contra servidores(as) penais em razão de manifestações ou denúncias;Protocolo para casos de tortura ou tratamento cruel, desumano ou degradante em unidades penais; | E16: Art. 4º, II e §2º; art. 10, III. | F16: =IF(C16="Atende",8,IF(C16="Parcial",4,0)) -> 8 | G16: Atende | H16: Além do termo, há rotinas de reforço e capacitação periódica sobre sigilo e proteção de dados pessoais | I16: Art. 9º, §4º. | J16: =IF(G16="Atende",7,IF(G16="Parcial",3.5,0)) -> 7 | K16: =SUM(F16,J16) -> 15 | L16: Doc. SEI 37070578
A17: MA | B17: Maranhão | C17: Atende | D17: Protocolo para situações de risco à vida ou à integridade de pessoas privadas de liberdade;Protocolo para casos de tortura ou tratamento cruel, desumano ou degradante em unidades penais;Protocolo para outras formas de violência institucional em unidades penais;Protocolo para assédio moral ou sexual envolvendo servidores(as) penais;Procedimentos de sigilo reforçado, restrição de acesso e fluxos de emergência para esses casos; | E17: Art. 4º, II e §2º; art. 10, III. | F17: =IF(C17="Atende",8,IF(C17="Parcial",4,0)) -> 8 | G17: Atende | H17: Há cláusulas genéricas de sigilo em códigos de ética ou normativos equivalentes | I17: Art. 9º, §4º. | J17: =IF(G17="Atende",7,IF(G17="Parcial",3.5,0)) -> 7 | K17: =SUM(F17,J17) -> 15 | L17: Doc. SEI 37070578
A18: MT | B18: Mato Grosso | C18: Atende | D18: Procedimentos de sigilo reforçado, restrição de acesso e fluxos de emergência para esses casos;Protocolo para situações de risco à vida ou à integridade de pessoas privadas de liberdade;Protocolo para casos de tortura ou tratamento cruel, desumano ou degradante em unidades penais;Protocolo para outras formas de violência institucional em unidades penais;Protocolo para assédio moral ou sexual envolvendo servidores(as) penais;Protocolo para ameaças, retaliações ou perseguições contra servidores(as) penais em razão de manifestações ou denúncias;Protocolo para corrupção e irregularidades graves na gestão dos serviços penais; | E18: Art. 4º, II e §2º; art. 10, III. | F18: =IF(C18="Atende",8,IF(C18="Parcial",4,0)) -> 8 | G18: Atende | H18: Há cláusulas genéricas de sigilo em códigos de ética ou normativos equivalentes | I18: Art. 9º, §4º. | J18: =IF(G18="Atende",7,IF(G18="Parcial",3.5,0)) -> 7 | K18: =SUM(F18,J18) -> 15 | L18: Doc. SEI 37070578
... A34: TO | B34: Tocantins | C34: Sem evidência | D34: Procedimentos de sigilo reforçado, restrição de acesso e fluxos de emergência para esses casos;Protocolo para corrupção e irregularidades graves na gestão dos serviços penais;Protocolo para ameaças, retaliações ou perseguições contra servidores(as) penais em razão de manifestações ou denúncias;Protocolo para assédio moral ou sexual envolvendo servidores(as) penais;Protocolo para outras formas de violência institucional em unidades penais;Protocolo para casos de tortura ou tratamento cruel, desumano ou degradante em unidades penais;Protocolo para situações de risco à vida ou à integridade de pessoas privadas de liberdade; | E34: Art. 4º, II e §2º; art. 10, III. | F34: =IF(C34="Atende",8,IF(C34="Parcial",4,0)) -> 0 | G34: Sem evidência | H34: A equipe assina Termo de Compromisso de Manutenção de Sigilo Funcional específico para atuação na Ouvidoria de Serviços Penais | I34: Art. 9º, §4º. | J34: =IF(G34="Atende",7,IF(G34="Parcial",3.5,0)) -> 0 | K34: =SUM(F34,J34) -> 0 | L34: Doc. SEI 37070578

Sheet 04_Acessibilidade
A1: 04 — Acessibilidade e atendimento humanizado
A2: Peso da dimensão: 15 pontos. Cada pergunta do diagnóstico pertence exclusivamente a uma única dimensão da matriz.
A4: Identificação | C4: Item 1 — Canais institucionais acessíveis | O4: Item 2 — Condições de atendimento reservado e acessível | S4: Item 3 — Alcance dos públicos dos serviços penais | AA4: Resultado da dimensão
A5: UF | B5: Unidade Federativa | C5: M2-41 — E-mail institucional exclusivo | D5: Resposta do diagnóstico | E5: Fundamentação na IN nº 75/2026 | F5: 2 pts | G5: M2-43 — Linha telefônica funcional de uso restrito | H5: Resposta do diagnóstico | I5: Fundamentação na IN nº 75/2026 | J5: 2 pts | K5: M2-47 — Endereço postal próprio ou referência clara | L5: Resposta do diagnóstico | M5: Fundamentação na IN nº 75/2026 | N5: 2 pts | O5: M2-16 — Espaço físico da Ouvidoria | P5: Resposta do diagnóstico | Q5: Fundamentação na IN nº 75/2026 | R5: 3 pts | S5: M1-13 — Públicos atendidos no plano normativo | T5: Resposta do diagnóstico | U5: Fundamentação na IN nº 75/2026 | V5: 3 pts | W5: M4-64 — Públicos atendidos na prática | X5: Resposta do diagnóstico | Y5: Fundamentação na IN nº 75/2026 | Z5: 3 pts | AA5: Pontuação /15 | AB5: Evidências / observações
A6: Como aplicar / resposta / fundamento → | C6: 2 pts: possui e-mail institucional exclusivo ativo. 1 pt: e-mail institucional não exclusivo ou com limitação relevante. 0 pt: inexistente ou sem evidência. | D6: Resposta original consolidada do diagnóstico das Ouvidorias Estaduais de Serviços Penais. | E6: Art. 7º, §2º, I. | F6: 2 = atende 1 = parcial 0 = não atende / sem evidência | G6: 2 pts: possui telefone/ramal funcional de uso restrito. 1 pt: telefone compartilhado ou limitado. 0 pt: inexistente ou sem evidência. | H6: Resposta original consolidada do diagnóstico das Ouvidorias Estaduais de Serviços Penais. | I6: Art. 7º, §2º, II. | J6: 2 = atende 1 = parcial 0 = não atende / sem evidência | K6: 2 pts: existe endereço postal próprio ou referência institucional clara. 1 pt: referência indireta/compartilhada que ainda permite recebimento. 0 pt: inexistente ou sem evidência. | L6: Resposta original consolidada do diagnóstico das Ouvidorias Estaduais de Serviços Penais. | M6: Art. 7º, §2º, IV. | N6: 2 = atende 1 = parcial 0 = não atende / sem evidência | O6: 3 pts: espaço com privacidade, confidencialidade e condições de acessibilidade/atendimento. 1,5 pt: espaço existente com limitações relevantes. 0 pt: sem espaço adequado ou sem evidência. | P6: Resposta original consolidada do diagnóstico das Ouvidorias Estaduais de Serviços Penais. | Q6: Art. 7º, §1º, I e II. | R6: 3 = atende 1.5 = parcial 0 = não atende / sem evidência | S6: 3 pts: previsão normativa contempla amplamente os públicos dos serviços penais. 1,5 pt: contempla apenas parte relevante dos públicos. 0 pt: previsão restrita/inexistente ou sem evidência. | T6: Resposta original consolidada do diagnóstico das Ouvidorias Estaduais de Serviços Penais. | U6: Art. 4º, III; art. 10, I. | V6: 3 = atende 1.5 = parcial 0 = não atende / sem evidência | W6: 3 pts: atendimento alcança de forma ampla os principais públicos dos serviços penais. 1,5 pt: alcance parcial ou com barreiras relevantes. 0 pt: alcance muito restrito ou sem evidência. | X6: Resposta original consolidada do diagnóstico das Ouvidorias Estaduais de Serviços Penais. | Y6: Art. 4º, III; art. 10, I. | Z6: 3 = atende 1.5 = parcial 0 = não atende / sem evidência | AA6: Soma automática das perguntas desta dimensão. | AB6: Referência documental geral das respostas: Doc. SEI 37070578.
A7: AC | B7: Acre | C7: Atende | D7: Sim | E7: Art. 7º, §2º, I. | F7: =IF(C7="Atende",2,IF(C7="Parcial",1,0)) -> 2 | G7: Não atende | H7: Não | I7: Art. 7º, §2º, II. | J7: =IF(G7="Atende",2,IF(G7="Parcial",1,0)) -> 0 | K7: Atende | L7: Sim | M7: Art. 7º, §2º, IV. | N7: =IF(K7="Atende",2,IF(K7="Parcial",1,0)) -> 2 | O7: Atende | P7: Possui instalação física própria, com privacidade, acessibilidade e condições adequadas de atendimento | Q7: Art. 7º, §1º, I e II. | R7: =IF(O7="Atende",3,IF(O7="Parcial",1.5,0)) -> 3 | S7: Atende | T7: Pessoas privadas de liberdade;Familiares / pessoas de referência de pessoas privadas de liberdade;Servidores(as) penais e demais trabalhadores(as) dos serviços penais;Demais cidadãos e usuários de serviços relacionados ao sistema penal; | U7: Art. 4º, III; art. 10, I. | V7: =IF(S7="Atende",3,IF(S7="Parcial",1.5,0)) -> 3 | W7: Atende | X7: Pessoas privadas de liberdade: Nunca recebe manifestações desse público | Familiares / pessoas de referência de pessoas privadas de liberdade: Recebe com alta frequência | Servidores(as) penais e demais trabalhadores(as) dos serviços penais: Recebe com alguma frequência | Outros cidadãos e usuários de serviços relacionados ao sistema penal: Recebe com alguma frequência | Y7: Art. 4º, III; art. 10, I. | Z7: =IF(W7="Atende",3,IF(W7="Parcial",1.5,0)) -> 3 | AA7: =SUM(F7,J7,N7,R7,V7,Z7) -> 13 | AB7: Doc. SEI 37070578
A8: AL | B8: Alagoas | C8: Atende | D8: Sim | E8: Art. 7º, §2º, I. | F8: =IF(C8="Atende",2,IF(C8="Parcial",1,0)) -> 2 | G8: Atende | H8: Sim | I8: Art. 7º, §2º, II. | J8: =IF(G8="Atende",2,IF(G8="Parcial",1,0)) -> 2 | K8: Atende | L8: Sim | M8: Art. 7º, §2º, IV. | N8: =IF(K8="Atende",2,IF(K8="Parcial",1,0)) -> 2 | O8: Atende | P8: Possui instalação física própria, com privacidade, acessibilidade e condições adequadas de atendimento | Q8: Art. 7º, §1º, I e II. | R8: =IF(O8="Atende",3,IF(O8="Parcial",1.5,0)) -> 3 | S8: Não atende | T8: Não existe normativa; | U8: Art. 4º, III; art. 10, I. | V8: =IF(S8="Atende",3,IF(S8="Parcial",1.5,0)) -> 0 | W8: Atende | X8: Pessoas privadas de liberdade: Recebe com alta frequência | Familiares / pessoas de referência de pessoas privadas de liberdade: Recebe com alta frequência | Servidores(as) penais e demais trabalhadores(as) dos serviços penais: Recebe com alta frequência | Outros cidadãos e usuários de serviços relacionados ao sistema penal: Recebe raramente | Y8: Art. 4º, III; art. 10, I. | Z8: =IF(W8="Atende",3,IF(W8="Parcial",1.5,0)) -> 3 | AA8: =SUM(F8,J8,N8,R8,V8,Z8) -> 12 | AB8: Doc. SEI 37070578
A9: AP | B9: Amapá | C9: Atende | D9: Sim | E9: Art. 7º, §2º, I. | F9: =IF(C9="Atende",2,IF(C9="Parcial",1,0)) -> 2 | G9: Atende | H9: Sim | I9: Art. 7º, §2º, II. | J9: =IF(G9="Atende",2,IF(G9="Parcial",1,0)) -> 2 | K9: Atende | L9: Sim | M9: Art. 7º, §2º, IV. | N9: =IF(K9="Atende",2,IF(K9="Parcial",1,0)) -> 2 | O9: Parcial | P9: Possui sala definida, mas com limitações relevantes (privacidade, acessibilidade, mobiliário) | Q9: Art. 7º, §1º, I e II. | R9: =IF(O9="Atende",3,IF(O9="Parcial",1.5,0)) -> 1.5 | S9: Atende | T9: Pessoas privadas de liberdade;Familiares / pessoas de referência de pessoas privadas de liberdade;Servidores(as) penais e demais trabalhadores(as) dos serviços penais;Demais cidadãos e usuários de serviços relacionados ao sistema penal; | U9: Art. 4º, III; art. 10, I. | V9: =IF(S9="Atende",3,IF(S9="Parcial",1.5,0)) -> 3 | W9: Atende | X9: Pessoas privadas de liberdade: Recebe raramente | Familiares / pessoas de referência de pessoas privadas de liberdade: Recebe com alta frequência | Servidores(as) penais e demais trabalhadores(as) dos serviços penais: Recebe com alguma frequência | Outros cidadãos e usuários de serviços relacionados ao sistema penal: Recebe com alta frequência | Y9: Art. 4º, III; art. 10, I. | Z9: =IF(W9="Atende",3,IF(W9="Parcial",1.5,0)) -> 3 | AA9: =SUM(F9,J9,N9,R9,V9,Z9) -> 13.5 | AB9: Doc. SEI 37070578
A10: AM | B10: Amazonas | C10: Atende | D10: Sim | E10: Art. 7º, §2º, I. | F10: =IF(C10="Atende",2,IF(C10="Parcial",1,0)) -> 2 | G10: Não atende | H10: Não | I10: Art. 7º, §2º, II. | J10: =IF(G10="Atende",2,IF(G10="Parcial",1,0)) -> 0 | K10: Atende | L10: Sim | M10: Art. 7º, §2º, IV. | N10: =IF(K10="Atende",2,IF(K10="Parcial",1,0)) -> 2 | O10: Parcial | P10: Possui sala definida, mas com limitações relevantes (privacidade, acessibilidade, mobiliário) | Q10: Art. 7º, §1º, I e II. | R10: =IF(O10="Atende",3,IF(O10="Parcial",1.5,0)) -> 1.5 | S10: Atende | T10: Pessoas privadas de liberdade;Familiares / pessoas de referência de pessoas privadas de liberdade;Servidores(as) penais e demais trabalhadores(as) dos serviços penais;Demais cidadãos e usuários de serviços relacionados ao sistema penal; | U10: Art. 4º, III; art. 10, I. | V10: =IF(S10="Atende",3,IF(S10="Parcial",1.5,0)) -> 3 | W10: Atende | X10: Pessoas privadas de liberdade: Recebe com alguma frequência | Familiares / pessoas de referência de pessoas privadas de liberdade: Recebe com alta frequência | Servidores(as) penais e demais trabalhadores(as) dos serviços penais: Recebe com alguma frequência | Outros cidadãos e usuários de serviços relacionados ao sistema penal: Recebe com alta frequência | Y10: Art. 4º, III; art. 10, I. | Z10: =IF(W10="Atende",3,IF(W10="Parcial",1.5,0)) -> 3 | AA10: =SUM(F10,J10,N10,R10,V10,Z10) -> 11.5 | AB10: Doc. SEI 37070578
A11: BA | B11: Bahia | C11: Atende | D11: Sim | E11: Art. 7º, §2º, I. | F11: =IF(C11="Atende",2,IF(C11="Parcial",1,0)) -> 2 | G11: Não atende | H11: Não | I11: Art. 7º, §2º, II. | J11: =IF(G11="Atende",2,IF(G11="Parcial",1,0)) -> 0 | K11: Atende | L11: Sim | M11: Art. 7º, §2º, IV. | N11: =IF(K11="Atende",2,IF(K11="Parcial",1,0)) -> 2 | O11: Parcial | P11: Possui sala definida, mas com limitações relevantes (privacidade, acessibilidade, mobiliário) | Q11: Art. 7º, §1º, I e II. | R11: =IF(O11="Atende",3,IF(O11="Parcial",1.5,0)) -> 1.5 | S11: Atende | T11: Demais cidadãos e usuários de serviços relacionados ao sistema penal; | U11: Art. 4º, III; art. 10, I. | V11: =IF(S11="Atende",3,IF(S11="Parcial",1.5,0)) -> 3 | W11: Atende | X11: Pessoas privadas de liberdade: Recebe raramente | Familiares / pessoas de referência de pessoas privadas de liberdade: Recebe com alta frequência | Servidores(as) penais e demais trabalhadores(as) dos serviços penais: Recebe com alguma frequência | Outros cidadãos e usuários de serviços relacionados ao sistema penal: Recebe com alguma frequência | Y11: Art. 4º, III; art. 10, I. | Z11: =IF(W11="Atende",3,IF(W11="Parcial",1.5,0)) -> 3 | AA11: =SUM(F11,J11,N11,R11,V11,Z11) -> 11.5 | AB11: Doc. SEI 37070578
A12: CE | B12: Ceará | C12: Atende | D12: Sim | E12: Art. 7º, §2º, I. | F12: =IF(C12="Atende",2,IF(C12="Parcial",1,0)) -> 2 | G12: Atende | H12: Sim | I12: Art. 7º, §2º, II. | J12: =IF(G12="Atende",2,IF(G12="Parcial",1,0)) -> 2 | K12: Atende | L12: Sim | M12: Art. 7º, §2º, IV. | N12: =IF(K12="Atende",2,IF(K12="Parcial",1,0)) -> 2 | O12: Atende | P12: Possui instalação física própria, com privacidade, acessibilidade e condições adequadas de atendimento | Q12: Art. 7º, §1º, I e II. | R12: =IF(O12="Atende",3,IF(O12="Parcial",1.5,0)) -> 3 | S12: Atende | T12: Pessoas privadas de liberdade;Familiares / pessoas de referência de pessoas privadas de liberdade;Servidores(as) penais e demais trabalhadores(as) dos serviços penais;Demais cidadãos e usuários de serviços relacionados ao sistema penal; | U12: Art. 4º, III; art. 10, I. | V12: =IF(S12="Atende",3,IF(S12="Parcial",1.5,0)) -> 3 | W12: Atende | X12: Pessoas privadas de liberdade: Recebe raramente | Familiares / pessoas de referência de pessoas privadas de liberdade: Recebe com alta frequência | Servidores(as) penais e demais trabalhadores(as) dos serviços penais: Recebe com alta frequência | Outros cidadãos e usuários de serviços relacionados ao sistema penal: Recebe com alguma frequência | Y12: Art. 4º, III; art. 10, I. | Z12: =IF(W12="Atende",3,IF(W12="Parcial",1.5,0)) -> 3 | AA12: =SUM(F12,J12,N12,R12,V12,Z12) -> 15 | AB12: Doc. SEI 37070578
A13: DF | B13: Distrito Federal | C13: Atende | D13: Sim | E13: Art. 7º, §2º, I. | F13: =IF(C13="Atende",2,IF(C13="Parcial",1,0)) -> 2 | G13: Atende | H13: Sim | I13: Art. 7º, §2º, II. | J13: =IF(G13="Atende",2,IF(G13="Parcial",1,0)) -> 2 | K13: Não atende | L13: Não | M13: Art. 7º, §2º, IV. | N13: =IF(K13="Atende",2,IF(K13="Parcial",1,0)) -> 0 | O13: Parcial | P13: Possui sala definida, mas com limitações relevantes (privacidade, acessibilidade, mobiliário) | Q13: Art. 7º, §1º, I e II. | R13: =IF(O13="Atende",3,IF(O13="Parcial",1.5,0)) -> 1.5 | S13: Não atende | T13: Não existe normativa; | U13: Art. 4º, III; art. 10, I. | V13: =IF(S13="Atende",3,IF(S13="Parcial",1.5,0)) -> 0 | W13: Atende | X13: Pessoas privadas de liberdade: Recebe raramente | Familiares / pessoas de referência de pessoas privadas de liberdade: Recebe com alta frequência | Servidores(as) penais e demais trabalhadores(as) dos serviços penais: Recebe com alta frequência | Outros cidadãos e usuários de serviços relacionados ao sistema penal: Recebe com alta frequência | Y13: Art. 4º, III; art. 10, I. | Z13: =IF(W13="Atende",3,IF(W13="Parcial",1.5,0)) -> 3 | AA13: =SUM(F13,J13,N13,R13,V13,Z13) -> 8.5 | AB13: Doc. SEI 37070578
A14: ES | B14: Espírito Santo — Polícia Penal | C14: Atende | D14: Sim | E14: Art. 7º, §2º, I. | F14: =IF(C14="Atende",2,IF(C14="Parcial",1,0)) -> 2 | G14: Atende | H14: Sim | I14: Art. 7º, §2º, II. | J14: =IF(G14="Atende",2,IF(G14="Parcial",1,0)) -> 2 | K14: Atende | L14: Sim | M14: Art. 7º, §2º, IV. | N14: =IF(K14="Atende",2,IF(K14="Parcial",1,0)) -> 2 | O14: Atende | P14: Possui instalação física própria, com privacidade, acessibilidade e condições adequadas de atendimento | Q14: Art. 7º, §1º, I e II. | R14: =IF(O14="Atende",3,IF(O14="Parcial",1.5,0)) -> 3 | S14: Atende | T14: Pessoas privadas de liberdade;Familiares / pessoas de referência de pessoas privadas de liberdade;Servidores(as) penais e demais trabalhadores(as) dos serviços penais;Demais cidadãos e usuários de serviços relacionados ao sistema penal; | U14: Art. 4º, III; art. 10, I. | V14: =IF(S14="Atende",3,IF(S14="Parcial",1.5,0)) -> 3 | W14: Atende | X14: Pessoas privadas de liberdade: Recebe raramente | Familiares / pessoas de referência de pessoas privadas de liberdade: Recebe com alguma frequência | Servidores(as) penais e demais trabalhadores(as) dos serviços penais: Recebe com alguma frequência | Outros cidadãos e usuários de serviços relacionados ao sistema penal: Recebe com alguma frequência | Y14: Art. 4º, III; art. 10, I. | Z14: =IF(W14="Atende",3,IF(W14="Parcial",1.5,0)) -> 3 | AA14: =SUM(F14,J14,N14,R14,V14,Z14) -> 15 | AB14: Doc. SEI 37070578
A15: ES | B15: Espírito Santo — SEJUS/ES | C15: Atende | D15: Sim | E15: Art. 7º, §2º, I. | F15: =IF(C15="Atende",2,IF(C15="Parcial",1,0)) -> 2 | G15: Não atende | H15: Não | I15: Art. 7º, §2º, II. | J15: =IF(G15="Atende",2,IF(G15="Parcial",1,0)) -> 0 | K15: Não atende | L15: Não | M15: Art. 7º, §2º, IV. | N15: =IF(K15="Atende",2,IF(K15="Parcial",1,0)) -> 0 | O15: Não atende | P15: Não há espaço físico identificado | Q15: Art. 7º, §1º, I e II. | R15: =IF(O15="Atende",3,IF(O15="Parcial",1.5,0)) -> 0 | S15: Atende | T15: Demais cidadãos e usuários de serviços relacionados ao sistema penal;Servidores(as) penais e demais trabalhadores(as) dos serviços penais;Familiares / pessoas de referência de pessoas privadas de liberdade;Pessoas privadas de liberdade; | U15: Art. 4º, III; art. 10, I. | V15: =IF(S15="Atende",3,IF(S15="Parcial",1.5,0)) -> 3 | W15: Atende | X15: Pessoas privadas de liberdade: Recebe raramente | Familiares / pessoas de referência de pessoas privadas de liberdade: Recebe com alta frequência | Servidores(as) penais e demais trabalhadores(as) dos serviços penais: Recebe com alta frequência | Outros cidadãos e usuários de serviços relacionados ao sistema penal: Recebe com alta frequência | Y15: Art. 4º, III; art. 10, I. | Z15: =IF(W15="Atende",3,IF(W15="Parcial",1.5,0)) -> 3 | AA15: =SUM(F15,J15,N15,R15,V15,Z15) -> 8 | AB15: Doc. SEI 37070578
A16: GO | B16: Goiás | C16: Atende | D16: Sim | E16: Art. 7º, §2º, I. | F16: =IF(C16="Atende",2,IF(C16="Parcial",1,0)) -> 2 | G16: Atende | H16: Sim | I16: Art. 7º, §2º, II. | J16: =IF(G16="Atende",2,IF(G16="Parcial",1,0)) -> 2 | K16: Atende | L16: Sim | M16: Art. 7º, §2º, IV. | N16: =IF(K16="Atende",2,IF(K16="Parcial",1,0)) -> 2 | O16: Atende | P16: Possui instalação física própria, com privacidade, acessibilidade e condições adequadas de atendimento | Q16: Art. 7º, §1º, I e II. | R16: =IF(O16="Atende",3,IF(O16="Parcial",1.5,0)) -> 3 | S16: Atende | T16: Pessoas privadas de liberdade;Familiares / pessoas de referência de pessoas privadas de liberdade;Servidores(as) penais e demais trabalhadores(as) dos serviços penais;Demais cidadãos e usuários de serviços relacionados ao sistema penal; | U16: Art. 4º, III; art. 10, I. | V16: =IF(S16="Atende",3,IF(S16="Parcial",1.5,0)) -> 3 | W16: Atende | X16: Pessoas privadas de liberdade: Nunca recebe manifestações desse público | Familiares / pessoas de referência de pessoas privadas de liberdade: Recebe com alta frequência | Servidores(as) penais e demais trabalhadores(as) dos serviços penais: Recebe com alguma frequência | Outros cidadãos e usuários de serviços relacionados ao sistema penal: Recebe com alguma frequência | Y16: Art. 4º, III; art. 10, I. | Z16: =IF(W16="Atende",3,IF(W16="Parcial",1.5,0)) -> 3 | AA16: =SUM(F16,J16,N16,R16,V16,Z16) -> 15 | AB16: Doc. SEI 37070578
A17: MA | B17: Maranhão | C17: Atende | D17: Sim | E17: Art. 7º, §2º, I. | F17: =IF(C17="Atende",2,IF(C17="Parcial",1,0)) -> 2 | G17: Atende | H17: Sim | I17: Art. 7º, §2º, II. | J17: =IF(G17="Atende",2,IF(G17="Parcial",1,0)) -> 2 | K17: Não atende | L17: Não | M17: Art. 7º, §2º, IV. | N17: =IF(K17="Atende",2,IF(K17="Parcial",1,0)) -> 0 | O17: Atende | P17: Possui instalação física própria, com privacidade, acessibilidade e condições adequadas de atendimento | Q17: Art. 7º, §1º, I e II. | R17: =IF(O17="Atende",3,IF(O17="Parcial",1.5,0)) -> 3 | S17: Atende | T17: Demais cidadãos e usuários de serviços relacionados ao sistema penal; | U17: Art. 4º, III; art. 10, I. | V17: =IF(S17="Atende",3,IF(S17="Parcial",1.5,0)) -> 3 | W17: Atende | X17: Pessoas privadas de liberdade: Recebe com alguma frequência | Familiares / pessoas de referência de pessoas privadas de liberdade: Recebe com alta frequência | Servidores(as) penais e demais trabalhadores(as) dos serviços penais: Recebe com alta frequência | Outros cidadãos e usuários de serviços relacionados ao sistema penal: Recebe com alguma frequência | Y17: Art. 4º, III; art. 10, I. | Z17: =IF(W17="Atende",3,IF(W17="Parcial",1.5,0)) -> 3 | AA17: =SUM(F17,J17,N17,R17,V17,Z17) -> 13 | AB17: Doc. SEI 37070578
A18: MT | B18: Mato Grosso | C18: Atende | D18: Sim | E18: Art. 7º, §2º, I. | F18: =IF(C18="Atende",2,IF(C18="Parcial",1,0)) -> 2 | G18: Não atende | H18: Não | I18: Art. 7º, §2º, II. | J18: =IF(G18="Atende",2,IF(G18="Parcial",1,0)) -> 0 | K18: Atende | L18: Sim | M18: Art. 7º, §2º, IV. | N18: =IF(K18="Atende",2,IF(K18="Parcial",1,0)) -> 2 | O18: Atende | P18: Possui instalação física própria, com privacidade, acessibilidade e condições adequadas de atendimento | Q18: Art. 7º, §1º, I e II. | R18: =IF(O18="Atende",3,IF(O18="Parcial",1.5,0)) -> 3 | S18: Atende | T18: Pessoas privadas de liberdade;Familiares / pessoas de referência de pessoas privadas de liberdade;Servidores(as) penais e demais trabalhadores(as) dos serviços penais;Demais cidadãos e usuários de serviços relacionados ao sistema penal; | U18: Art. 4º, III; art. 10, I. | V18: =IF(S18="Atende",3,IF(S18="Parcial",1.5,0)) -> 3 | W18: Atende | X18: Pessoas privadas de liberdade: Recebe raramente | Familiares / pessoas de referência de pessoas privadas de liberdade: Recebe com alta frequência | Servidores(as) penais e demais trabalhadores(as) dos serviços penais: Recebe com alta frequência | Outros cidadãos e usuários de serviços relacionados ao sistema penal: Recebe com alguma frequência | Y18: Art. 4º, III; art. 10, I. | Z18: =IF(W18="Atende",3,IF(W18="Parcial",1.5,0)) -> 3 | AA18: =SUM(F18,J18,N18,R18,V18,Z18) -> 13 | AB18: Doc. SEI 37070578
... A34: TO | B34: Tocantins | C34: Não atende | D34: Não | E34: Art. 7º, §2º, I. | F34: =IF(C34="Atende",2,IF(C34="Parcial",1,0)) -> 0 | G34: Não atende | H34: Não | I34: Art. 7º, §2º, II. | J34: =IF(G34="Atende",2,IF(G34="Parcial",1,0)) -> 0 | K34: Sem evidência | L34: Não | M34: Art. 7º, §2º, IV. | N34: =IF(K34="Atende",2,IF(K34="Parcial",1,0)) -> 0 | O34: Sem evidência | P34: Possui sala definida, mas com limitações relevantes (privacidade, acessibilidade, mobiliário) | Q34: Art. 7º, §1º, I e II. | R34: =IF(O34="Atende",3,IF(O34="Parcial",1.5,0)) -> 0 | S34: Sem evidência | T34: Não existe normativa; | U34: Art. 4º, III; art. 10, I. | V34: =IF(S34="Atende",3,IF(S34="Parcial",1.5,0)) -> 0 | W34: Sem evidência | X34: Pessoas privadas de liberdade: Recebe com alta frequência | Familiares / pessoas de referência de pessoas privadas de liberdade: Recebe com alta frequência | Servidores(as) penais e demais trabalhadores(as) dos serviços penais: Recebe com alta frequência | Outros cidadãos e usuários de serviços relacionados ao sistema penal: Recebe com alta frequência | Y34: Art. 4º, III; art. 10, I. | Z34: =IF(W34="Atende",3,IF(W34="Parcial",1.5,0)) -> 0 | AA34: =SUM(F34,J34,N34,R34,V34,Z34) -> 0 | AB34: Doc. SEI 37070578

Sheet 05_Transparência
A1: 05 — Transparência e publicidade
A2: Peso da dimensão: 15 pontos. Cada pergunta do diagnóstico pertence exclusivamente a uma única dimensão da matriz.
A4: Identificação | C4: Item 1 — Visibilidade institucional e divulgação dos canais | G4: Item 2 — Publicidade das ações e atividades | K4: Resultado da dimensão
A5: UF | B5: Unidade Federativa | C5: M2-35 — Placas e cartazes da Ouvidoria | D5: Resposta do diagnóstico | E5: Fundamentação na IN nº 75/2026 | F5: 5 pts | G5: M4-71 — Monitoramento, relatórios e recomendações | H5: Resposta do diagnóstico | I5: Fundamentação na IN nº 75/2026 | J5: 10 pts | K5: Pontuação /15 | L5: Evidências / observações
A6: Como aplicar / resposta / fundamento → | C6: 5 pts: existem placas/cartazes institucionais que dão visibilidade à Ouvidoria e a seus canais. 2,5 pts: divulgação física limitada ou parcial. 0 pt: inexistente ou sem evidência. A IN trata esses instrumentos como recomendados. | D6: Resposta original consolidada do diagnóstico das Ouvidorias Estaduais de Serviços Penais. | E6: Art. 4º, IV; art. 7º, §6º, III. | F6: 5 = atende 2.5 = parcial 0 = não atende / sem evidência | G6: 10 pts: há produção/divulgação periódica de relatórios, monitoramento ou recomendações sobre a atuação. 5 pts: prática parcial ou esporádica. 0 pt: inexistente ou sem evidência. A pergunta não substitui eventual verificação adicional do art. 7º, §3º, sobre área no sítio eletrônico oficial. | H6: Resposta original consolidada do diagnóstico das Ouvidorias Estaduais de Serviços Penais. | I6: Art. 4º, IV; art. 10, VI; art. 12, §3º. | J6: 10 = atende 5 = parcial 0 = não atende / sem evidência | K6: Soma automática das perguntas desta dimensão. | L6: Referência documental geral das respostas: Doc. SEI 37070578.
A7: AC | B7: Acre | C7: Não atende | D7: A Ouvidoria não dispõe de placas/cartazes próprios fixados nas unidades prisionais nem em locais de atendimento ao público, familiares e servidores(as) | E7: Art. 4º, IV; art. 7º, §6º, III. | F7: =IF(C7="Atende",5,IF(C7="Parcial",2.5,0)) -> 0 | G7: Atende | H7: Há relatórios periódicos com dados estatísticos e análise de manifestações, relatório de gestão alinhado à Lei nº 13.460/2017, recomendações formais às áreas responsáveis, acompanhamento do cumprimento dessas recomendações e divulgação de informações agregadas, preservando sigilo e proteção de dados pessoais | I7: Art. 4º, IV; art. 10, VI; art. 12, §3º. | J7: =IF(G7="Atende",10,IF(G7="Parcial",5,0)) -> 10 | K7: =SUM(F7,J7) -> 10 | L7: Doc. SEI 37070578
A8: AL | B8: Alagoas | C8: Atende | D8: A Ouvidoria dispõe de placas/cartazes em algumas unidades ou pontos de atendimento, de forma pontual e sem padronização | E8: Art. 4º, IV; art. 7º, §6º, III. | F8: =IF(C8="Atende",5,IF(C8="Parcial",2.5,0)) -> 5 | G8: Parcial | H8: Há relatórios periódicos, mas com pouco uso gerencial e sem indicadores estruturados | I8: Art. 4º, IV; art. 10, VI; art. 12, §3º. | J8: =IF(G8="Atende",10,IF(G8="Parcial",5,0)) -> 5 | K8: =SUM(F8,J8) -> 10 | L8: Doc. SEI 37070578
A9: AP | B9: Amapá | C9: Não atende | D9: A Ouvidoria não dispõe de placas/cartazes próprios fixados nas unidades prisionais nem em locais de atendimento ao público, familiares e servidores(as) | E9: Art. 4º, IV; art. 7º, §6º, III. | F9: =IF(C9="Atende",5,IF(C9="Parcial",2.5,0)) -> 0 | G9: Atende | H9: Há relatórios periódicos com dados estatísticos e análise de manifestações, relatório de gestão alinhado à Lei nº 13.460/2017, recomendações formais às áreas responsáveis, acompanhamento do cumprimento dessas recomendações e divulgação de informações agregadas, preservando sigilo e proteção de dados pessoais | I9: Art. 4º, IV; art. 10, VI; art. 12, §3º. | J9: =IF(G9="Atende",10,IF(G9="Parcial",5,0)) -> 10 | K9: =SUM(F9,J9) -> 10 | L9: Doc. SEI 37070578
A10: AM | B10: Amazonas | C10: Atende | D10: A Ouvidoria dispõe de placas/cartazes padronizados em todas ou na maior parte das unidades prisionais e dos locais de atendimento ao público, familiares e servidores(as), com indicação clara dos canais de contato | E10: Art. 4º, IV; art. 7º, §6º, III. | F10: =IF(C10="Atende",5,IF(C10="Parcial",2.5,0)) -> 5 | G10: Atende | H10: Há relatórios periódicos com dados estatísticos e análise de manifestações, relatório de gestão alinhado à Lei nº 13.460/2017, recomendações formais às áreas responsáveis, acompanhamento do cumprimento dessas recomendações e divulgação de informações agregadas, preservando sigilo e proteção de dados pessoais | I10: Art. 4º, IV; art. 10, VI; art. 12, §3º. | J10: =IF(G10="Atende",10,IF(G10="Parcial",5,0)) -> 10 | K10: =SUM(F10,J10) -> 15 | L10: Doc. SEI 37070578
A11: BA | B11: Bahia | C11: Atende | D11: A Ouvidoria dispõe de placas/cartazes em algumas unidades ou pontos de atendimento, de forma pontual e sem padronização | E11: Art. 4º, IV; art. 7º, §6º, III. | F11: =IF(C11="Atende",5,IF(C11="Parcial",2.5,0)) -> 5 | G11: Atende | H11: Há relatórios periódicos com dados estatísticos e análise de manifestações, relatório de gestão alinhado à Lei nº 13.460/2017, recomendações formais às áreas responsáveis, acompanhamento do cumprimento dessas recomendações e divulgação de informações agregadas, preservando sigilo e proteção de dados pessoais | I11: Art. 4º, IV; art. 10, VI; art. 12, §3º. | J11: =IF(G11="Atende",10,IF(G11="Parcial",5,0)) -> 10 | K11: =SUM(F11,J11) -> 15 | L11: Doc. SEI 37070578
A12: CE | B12: Ceará | C12: Atende | D12: A Ouvidoria dispõe de placas/cartazes padronizados em todas ou na maior parte das unidades prisionais e dos locais de atendimento ao público, familiares e servidores(as), com indicação clara dos canais de contato | E12: Art. 4º, IV; art. 7º, §6º, III. | F12: =IF(C12="Atende",5,IF(C12="Parcial",2.5,0)) -> 5 | G12: Atende | H12: Há relatórios periódicos com dados estatísticos e análise de manifestações, relatório de gestão alinhado à Lei nº 13.460/2017, recomendações formais às áreas responsáveis, acompanhamento do cumprimento dessas recomendações e divulgação de informações agregadas, preservando sigilo e proteção de dados pessoais | I12: Art. 4º, IV; art. 10, VI; art. 12, §3º. | J12: =IF(G12="Atende",10,IF(G12="Parcial",5,0)) -> 10 | K12: =SUM(F12,J12) -> 15 | L12: Doc. SEI 37070578
A13: DF | B13: Distrito Federal | C13: Atende | D13: A Ouvidoria dispõe de placas/cartazes em algumas unidades ou pontos de atendimento, de forma pontual e sem padronização | E13: Art. 4º, IV; art. 7º, §6º, III. | F13: =IF(C13="Atende",5,IF(C13="Parcial",2.5,0)) -> 5 | G13: Atende | H13: Há relatórios periódicos com dados estatísticos e análise de manifestações, relatório de gestão alinhado à Lei nº 13.460/2017, recomendações formais às áreas responsáveis, acompanhamento do cumprimento dessas recomendações e divulgação de informações agregadas, preservando sigilo e proteção de dados pessoais | I13: Art. 4º, IV; art. 10, VI; art. 12, §3º. | J13: =IF(G13="Atende",10,IF(G13="Parcial",5,0)) -> 10 | K13: =SUM(F13,J13) -> 15 | L13: Doc. SEI 37070578
A14: ES | B14: Espírito Santo — Polícia Penal | C14: Atende | D14: A Ouvidoria dispõe de placas/cartazes padronizados em todas ou na maior parte das unidades prisionais e dos locais de atendimento ao público, familiares e servidores(as), com indicação clara dos canais de contato | E14: Art. 4º, IV; art. 7º, §6º, III. | F14: =IF(C14="Atende",5,IF(C14="Parcial",2.5,0)) -> 5 | G14: Atende | H14: Há relatórios periódicos com dados estatísticos e análise de manifestações, relatório de gestão alinhado à Lei nº 13.460/2017, recomendações formais às áreas responsáveis, acompanhamento do cumprimento dessas recomendações e divulgação de informações agregadas, preservando sigilo e proteção de dados pessoais | I14: Art. 4º, IV; art. 10, VI; art. 12, §3º. | J14: =IF(G14="Atende",10,IF(G14="Parcial",5,0)) -> 10 | K14: =SUM(F14,J14) -> 15 | L14: Doc. SEI 37070578
A15: ES | B15: Espírito Santo — SEJUS/ES | C15: Não atende | D15: A Ouvidoria não dispõe de placas/cartazes próprios fixados nas unidades prisionais nem em locais de atendimento ao público, familiares e servidores(as) | E15: Art. 4º, IV; art. 7º, §6º, III. | F15: =IF(C15="Atende",5,IF(C15="Parcial",2.5,0)) -> 0 | G15: Atende | H15: Há relatórios periódicos com dados estatísticos e análise de manifestações, relatório de gestão alinhado à Lei nº 13.460/2017, recomendações formais às áreas responsáveis, acompanhamento do cumprimento dessas recomendações e divulgação de informações agregadas, preservando sigilo e proteção de dados pessoais | I15: Art. 4º, IV; art. 10, VI; art. 12, §3º. | J15: =IF(G15="Atende",10,IF(G15="Parcial",5,0)) -> 10 | K15: =SUM(F15,J15) -> 10 | L15: Doc. SEI 37070578
A16: GO | B16: Goiás | C16: Atende | D16: A Ouvidoria dispõe de placas/cartazes em algumas unidades ou pontos de atendimento, de forma pontual e sem padronização | E16: Art. 4º, IV; art. 7º, §6º, III. | F16: =IF(C16="Atende",5,IF(C16="Parcial",2.5,0)) -> 5 | G16: Atende | H16: Há relatórios periódicos com dados estatísticos e análise de manifestações, relatório de gestão alinhado à Lei nº 13.460/2017, recomendações formais às áreas responsáveis, acompanhamento do cumprimento dessas recomendações e divulgação de informações agregadas, preservando sigilo e proteção de dados pessoais | I16: Art. 4º, IV; art. 10, VI; art. 12, §3º. | J16: =IF(G16="Atende",10,IF(G16="Parcial",5,0)) -> 10 | K16: =SUM(F16,J16) -> 15 | L16: Doc. SEI 37070578
A17: MA | B17: Maranhão | C17: Não atende | D17: A Ouvidoria não dispõe de placas/cartazes próprios fixados nas unidades prisionais nem em locais de atendimento ao público, familiares e servidores(as) | E17: Art. 4º, IV; art. 7º, §6º, III. | F17: =IF(C17="Atende",5,IF(C17="Parcial",2.5,0)) -> 0 | G17: Parcial | H17: Há relatórios periódicos, mas com pouco uso gerencial e sem indicadores estruturados | I17: Art. 4º, IV; art. 10, VI; art. 12, §3º. | J17: =IF(G17="Atende",10,IF(G17="Parcial",5,0)) -> 5 | K17: =SUM(F17,J17) -> 5 | L17: Doc. SEI 37070578
A18: MT | B18: Mato Grosso | C18: Não atende | D18: A Ouvidoria não dispõe de placas/cartazes próprios fixados nas unidades prisionais nem em locais de atendimento ao público, familiares e servidores(as) | E18: Art. 4º, IV; art. 7º, §6º, III. | F18: =IF(C18="Atende",5,IF(C18="Parcial",2.5,0)) -> 0 | G18: Atende | H18: Há relatórios periódicos com dados estatísticos e análise de manifestações, relatório de gestão alinhado à Lei nº 13.460/2017, recomendações formais às áreas responsáveis, acompanhamento do cumprimento dessas recomendações e divulgação de informações agregadas, preservando sigilo e proteção de dados pessoais | I18: Art. 4º, IV; art. 10, VI; art. 12, §3º. | J18: =IF(G18="Atende",10,IF(G18="Parcial",5,0)) -> 10 | K18: =SUM(F18,J18) -> 10 | L18: Doc. SEI 37070578
... A34: TO | B34: Tocantins | C34: Sem evidência | D34: A Ouvidoria não dispõe de placas/cartazes próprios fixados nas unidades prisionais nem em locais de atendimento ao público, familiares e servidores(as) | E34: Art. 4º, IV; art. 7º, §6º, III. | F34: =IF(C34="Atende",5,IF(C34="Parcial",2.5,0)) -> 0 | G34: Sem evidência | H34: Há relatórios periódicos, mas com pouco uso gerencial e sem indicadores estruturados | I34: Art. 4º, IV; art. 10, VI; art. 12, §3º. | J34: =IF(G34="Atende",10,IF(G34="Parcial",5,0)) -> 0 | K34: =SUM(F34,J34) -> 0 | L34: Doc. SEI 37070578

Sheet 06_Integração Tec
A1: 06 — Integração tecnológica
A2: Peso da dimensão: 25 pontos. Cada pergunta do diagnóstico pertence exclusivamente a uma única dimensão da matriz.
A4: Identificação | C4: Item 1 — Canal eletrônico e solução para registro e gestão das manifestações | G4: Item 2 — Registro, protocolo, rastreabilidade e acompanhamento | K4: Item 3 — Sigilo, autenticação e controle de acesso | O4: Item 4 — Computadores e acesso à internet | S4: Item 5 — Impressoras e scanners | AA4: Item 6 — Aparelhos de telefone celular | AE4: Resultado da dimensão
A5: UF | B5: Unidade Federativa | C5: M2-45 — Sistemas ou canais eletrônicos utilizados para registro e gestão | D5: Resposta do diagnóstico | E5: Fundamentação na IN nº 75/2026 | F5: 5 pts | G5: M4-66 — Registro, protocolo e classificação das manifestações | H5: Resposta do diagnóstico | I5: Fundamentação na IN nº 75/2026 | J5: 5 pts | K5: M2-37 — Recursos específicos de segurança da informação | L5: Resposta do diagnóstico | M5: Fundamentação na IN nº 75/2026 | N5: 5 pts | O5: M2-17 — Quantidade atualmente disponível de computadores com acesso à internet | P5: Resposta do diagnóstico | Q5: Fundamentação na IN nº 75/2026 | R5: 4 pts | S5: M2-19 — Impressoras multifuncionais atualmente disponíveis | T5: Resposta do diagnóstico | U5: Fundamentação na IN nº 75/2026 | V5: 2 pts | W5: M2-21 — Scanners atualmente disponíveis | X5: Resposta do diagnóstico | Y5: Fundamentação na IN nº 75/2026 | Z5: 2 pts | AA5: M2-27 — Smartphones atualmente disponíveis | AB5: Resposta do diagnóstico | AC5: Fundamentação na IN nº 75/2026 | AD5: 2 pts | AE5: Pontuação /25 | AF5: Evidências / observações
A6: Como aplicar / resposta / fundamento → | C6: 5 pts: utiliza solução eletrônica institucional capaz de receber/registrar e apoiar a gestão das manifestações. 2,5 pts: solução parcial, manual ou limitada. 0 pt: inexistente ou sem evidência. | D6: Resposta original consolidada do diagnóstico das Ouvidorias Estaduais de Serviços Penais. | E6: Art. 4º, V; art. 7º, §2º, III; §4º, II; §5º. | F6: 5 = atende 2.5 = parcial 0 = não atende / sem evidência | G6: 5 pts: manifestações são registradas/classificadas e recebem protocolo que permita acompanhamento e rastreabilidade. 2,5 pts: registro/protocolo parcial. 0 pt: inexistente ou sem evidência. | H6: Resposta original consolidada do diagnóstico das Ouvidorias Estaduais de Serviços Penais. | I6: Art. 11; art. 13, II. | J6: 5 = atende 2.5 = parcial 0 = não atende / sem evidência | K6: 5 pts: há autenticação, restrição de acesso e mecanismos compatíveis de segurança da informação. 2,5 pts: controles básicos ou incompletos. 0 pt: inexistentes ou sem evidência. | L6: Resposta original consolidada do diagnóstico das Ouvidorias Estaduais de Serviços Penais. | M6: Art. 4º, §2º; art. 7º, §4º, II e III; §5º. | N6: 5 = atende 2.5 = parcial 0 = não atende / sem evidência | O6: 4 pts: há computador(es) com acesso à internet disponível(is) para a Ouvidoria. 2 pts: disponibilidade compartilhada/limitada que compromete a rotina. 0 pt: quantidade zero ou sem evidência. A IN não fixa quantitativo mínimo. | P6: Resposta original consolidada do diagnóstico das Ouvidorias Estaduais de Serviços Penais. | Q6: Art. 7º, §4º, I. | R6: 4 = atende 2 = parcial 0 = não atende / sem evidência | S6: 2 pts: há ao menos uma impressora multifuncional disponível regularmente. 1 pt: acesso compartilhado/limitado. 0 pt: inexistente ou sem evidência. Recurso recomendado na IN. | T6: Resposta original consolidada do diagnóstico das Ouvidorias Estaduais de Serviços Penais. | U6: Art. 7º, §6º, I. | V6: 2 = atende 1 = parcial 0 = não atende / sem evidência | W6: 2 pts: há scanner disponível regularmente. 1 pt: acesso compartilhado/limitado. 0 pt: inexistente ou sem evidência. A referência normativa é indireta quando se trata de scanner autônomo. | X6: Resposta original consolidada do diagnóstico das Ouvidorias Estaduais de Serviços Penais. | Y6: Art. 7º, §6º, I — impressora multifuncional; scanner autônomo não é citado expressamente. | Z6: 2 = atende 1 = parcial 0 = não atende / sem evidência | AA6: 2 pts: há aparelho celular institucional disponível para a Ouvidoria. 1 pt: aparelho compartilhado/uso limitado. 0 pt: inexistente ou sem evidência. Recurso recomendado na IN. | AB6: Resposta original consolidada do diagnóstico das Ouvidorias Estaduais de Serviços Penais. | AC6: Art. 7º, §6º, IV. | AD6: 2 = atende 1 = parcial 0 = não atende / sem evidência | AE6: Soma automática das perguntas desta dimensão. | AF6: Referência documental geral das respostas: Doc. SEI 37070578.
A7: AC | B7: Acre | C7: Atende | D7: Possui canal próprio na Plataforma Fala.BR (CGU);Não utiliza nenhum sistema estruturado; registros são feitos em planilha ou outro meio manual; | E7: Art. 4º, V; art. 7º, §2º, III; §4º, II; §5º. | F7: =IF(C7="Atende",5,IF(C7="Parcial",2.5,0)) -> 5 | G7: Atende | H7: Toda manifestação é registrada com número de protocolo, é classificada por tipo e passa por análise preliminar, com critérios para arquivamento fundamentado e para o tratamento de manifestações anônimas | I7: Art. 11; art. 13, II. | J7: =IF(G7="Atende",5,IF(G7="Parcial",2.5,0)) -> 5 | K7: Atende | L7: Antivírus institucional instalado nas estações de trabalho;Mecanismos de autenticação e controle de acesso aos dados;Acesso restrito a pastas/sistemas que contenham manifestações;Política interna ou instruções sobre tratamento de dados pessoais; | M7: Art. 4º, §2º; art. 7º, §4º, II e III; §5º. | N7: =IF(K7="Atende",5,IF(K7="Parcial",2.5,0)) -> 5 | O7: Atende | P7: 3 | Q7: Art. 7º, §4º, I. | R7: =IF(O7="Atende",4,IF(O7="Parcial",2,0)) -> 4 | S7: Atende | T7: 1 | U7: Art. 7º, §6º, I. | V7: =IF(S7="Atende",2,IF(S7="Parcial",1,0)) -> 2 | W7: Não atende | X7: 0 | Y7: Art. 7º, §6º, I — impressora multifuncional; scanner autônomo não é citado expressamente. | Z7: =IF(W7="Atende",2,IF(W7="Parcial",1,0)) -> 0 | AA7: Atende | AB7: 1 | AC7: Art. 7º, §6º, IV. | AD7: =IF(AA7="Atende",2,IF(AA7="Parcial",1,0)) -> 2 | AE7: =SUM(F7,J7,N7,R7,V7,Z7,AD7) -> 23 | AF7: Doc. SEI 37070578
A8: AL | B8: Alagoas | C8: Atende | D8: Utiliza apenas outro sistema eletrônico de ouvidoria (estadual ou próprio do órgão); | E8: Art. 4º, V; art. 7º, §2º, III; §4º, II; §5º. | F8: =IF(C8="Atende",5,IF(C8="Parcial",2.5,0)) -> 5 | G8: Parcial | H8: As manifestações são registradas, mas sem número de protocolo individual | I8: Art. 11; art. 13, II. | J8: =IF(G8="Atende",5,IF(G8="Parcial",2.5,0)) -> 2.5 | K8: Atende | L8: Antivírus institucional instalado nas estações de trabalho;Mecanismos de autenticação e controle de acesso aos dados;Rotina de backup periódico dos dados da Ouvidoria;Acesso restrito a pastas/sistemas que contenham manifestações;Política interna ou instruções sobre tratamento de dados pessoais; | M8: Art. 4º, §2º; art. 7º, §4º, II e III; §5º. | N8: =IF(K8="Atende",5,IF(K8="Parcial",2.5,0)) -> 5 | O8: Não atende | P8: 3 | Q8: Art. 7º, §4º, I. | R8: =IF(O8="Atende",4,IF(O8="Parcial",2,0)) -> 0 | S8: Não atende | T8: 1 | U8: Art. 7º, §6º, I. | V8: =IF(S8="Atende",2,IF(S8="Parcial",1,0)) -> 0 | W8: Não atende | X8: 1 | Y8: Art. 7º, §6º, I — impressora multifuncional; scanner autônomo não é citado expressamente. | Z8: =IF(W8="Atende",2,IF(W8="Parcial",1,0)) -> 0 | AA8: Atende | AB8: 3 | AC8: Art. 7º, §6º, IV. | AD8: =IF(AA8="Atende",2,IF(AA8="Parcial",1,0)) -> 2 | AE8: =SUM(F8,J8,N8,R8,V8,Z8,AD8) -> 14.5 | AF8: Doc. SEI 37070578
A9: AP | B9: Amapá | C9: Atende | D9: Utiliza apenas outro sistema eletrônico de ouvidoria (estadual ou próprio do órgão); | E9: Art. 4º, V; art. 7º, §2º, III; §4º, II; §5º. | F9: =IF(C9="Atende",5,IF(C9="Parcial",2.5,0)) -> 5 | G9: Atende | H9: Toda manifestação é registrada com número de protocolo, é classificada por tipo e passa por análise preliminar, com critérios para arquivamento fundamentado e para o tratamento de manifestações anônimas | I9: Art. 11; art. 13, II. | J9: =IF(G9="Atende",5,IF(G9="Parcial",2.5,0)) -> 5 | K9: Atende | L9: Acesso restrito a pastas/sistemas que contenham manifestações;Mecanismos de autenticação e controle de acesso aos dados; | M9: Art. 4º, §2º; art. 7º, §4º, II e III; §5º. | N9: =IF(K9="Atende",5,IF(K9="Parcial",2.5,0)) -> 5 | O9: Não atende | P9: 2 | Q9: Art. 7º, §4º, I. | R9: =IF(O9="Atende",4,IF(O9="Parcial",2,0)) -> 0 | S9: Não atende | T9: 0 | U9: Art. 7º, §6º, I. | V9: =IF(S9="Atende",2,IF(S9="Parcial",1,0)) -> 0 | W9: Não atende | X9: 0 | Y9: Art. 7º, §6º, I — impressora multifuncional; scanner autônomo não é citado expressamente. | Z9: =IF(W9="Atende",2,IF(W9="Parcial",1,0)) -> 0 | AA9: Atende | AB9: 1 | AC9: Art. 7º, §6º, IV. | AD9: =IF(AA9="Atende",2,IF(AA9="Parcial",1,0)) -> 2 | AE9: =SUM(F9,J9,N9,R9,V9,Z9,AD9) -> 17 | AF9: Doc. SEI 37070578
A10: AM | B10: Amazonas | C10: Atende | D10: Possui canal próprio na Plataforma Fala.BR (CGU);Utiliza apenas outro sistema eletrônico de ouvidoria (estadual ou próprio do órgão); | E10: Art. 4º, V; art. 7º, §2º, III; §4º, II; §5º. | F10: =IF(C10="Atende",5,IF(C10="Parcial",2.5,0)) -> 5 | G10: Atende | H10: Toda manifestação é registrada com número de protocolo, é classificada por tipo e passa por análise preliminar, com critérios para arquivamento fundamentado e para o tratamento de manifestações anônimas | I10: Art. 11; art. 13, II. | J10: =IF(G10="Atende",5,IF(G10="Parcial",2.5,0)) -> 5 | K10: Atende | L10: Antivírus institucional instalado nas estações de trabalho;Mecanismos de autenticação e controle de acesso aos dados;Rotina de backup periódico dos dados da Ouvidoria;Acesso restrito a pastas/sistemas que contenham manifestações;Política interna ou instruções sobre tratamento de dados pessoais; | M10: Art. 4º, §2º; art. 7º, §4º, II e III; §5º. | N10: =IF(K10="Atende",5,IF(K10="Parcial",2.5,0)) -> 5 | O10: Atende | P10: 10 | Q10: Art. 7º, §4º, I. | R10: =IF(O10="Atende",4,IF(O10="Parcial",2,0)) -> 4 | S10: Atende | T10: 1 | U10: Art. 7º, §6º, I. | V10: =IF(S10="Atende",2,IF(S10="Parcial",1,0)) -> 2 | W10: Atende | X10: 1 | Y10: Art. 7º, §6º, I — impressora multifuncional; scanner autônomo não é citado expressamente. | Z10: =IF(W10="Atende",2,IF(W10="Parcial",1,0)) -> 2 | AA10: Atende | AB10: 2 | AC10: Art. 7º, §6º, IV. | AD10: =IF(AA10="Atende",2,IF(AA10="Parcial",1,0)) -> 2 | AE10: =SUM(F10,J10,N10,R10,V10,Z10,AD10) -> 25 | AF10: Doc. SEI 37070578
A11: BA | B11: Bahia | C11: Atende | D11: Utiliza apenas outro sistema eletrônico de ouvidoria (estadual ou próprio do órgão); | E11: Art. 4º, V; art. 7º, §2º, III; §4º, II; §5º. | F11: =IF(C11="Atende",5,IF(C11="Parcial",2.5,0)) -> 5 | G11: Atende | H11: Toda manifestação é registrada com número de protocolo, é classificada por tipo e passa por análise preliminar, com critérios para arquivamento fundamentado e para o tratamento de manifestações anônimas | I11: Art. 11; art. 13, II. | J11: =IF(G11="Atende",5,IF(G11="Parcial",2.5,0)) -> 5 | K11: Atende | L11: Antivírus institucional instalado nas estações de trabalho;Rotina de backup periódico dos dados da Ouvidoria;Acesso restrito a pastas/sistemas que contenham manifestações;Política interna ou instruções sobre tratamento de dados pessoais; | M11: Art. 4º, §2º; art. 7º, §4º, II e III; §5º. | N11: =IF(K11="Atende",5,IF(K11="Parcial",2.5,0)) -> 5 | O11: Não atende | P11: 2 | Q11: Art. 7º, §4º, I. | R11: =IF(O11="Atende",4,IF(O11="Parcial",2,0)) -> 0 | S11: Não atende | T11: 1 | U11: Art. 7º, §6º, I. | V11: =IF(S11="Atende",2,IF(S11="Parcial",1,0)) -> 0 | W11: Não atende | X11: 1 | Y11: Art. 7º, §6º, I — impressora multifuncional; scanner autônomo não é citado expressamente. | Z11: =IF(W11="Atende",2,IF(W11="Parcial",1,0)) -> 0 | AA11: Atende | AB11: 0 | AC11: Art. 7º, §6º, IV. | AD11: =IF(AA11="Atende",2,IF(AA11="Parcial",1,0)) -> 2 | AE11: =SUM(F11,J11,N11,R11,V11,Z11,AD11) -> 17 | AF11: Doc. SEI 37070578
A12: CE | B12: Ceará | C12: Atende | D12: Utiliza apenas outro sistema eletrônico de ouvidoria (estadual ou próprio do órgão); | E12: Art. 4º, V; art. 7º, §2º, III; §4º, II; §5º. | F12: =IF(C12="Atende",5,IF(C12="Parcial",2.5,0)) -> 5 | G12: Atende | H12: Toda manifestação é registrada com número de protocolo, é classificada por tipo e passa por análise preliminar, com critérios para arquivamento fundamentado e para o tratamento de manifestações anônimas | I12: Art. 11; art. 13, II. | J12: =IF(G12="Atende",5,IF(G12="Parcial",2.5,0)) -> 5 | K12: Atende | L12: Antivírus institucional instalado nas estações de trabalho;Mecanismos de autenticação e controle de acesso aos dados;Rotina de backup periódico dos dados da Ouvidoria;Acesso restrito a pastas/sistemas que contenham manifestações;Política interna ou instruções sobre tratamento de dados pessoais; | M12: Art. 4º, §2º; art. 7º, §4º, II e III; §5º. | N12: =IF(K12="Atende",5,IF(K12="Parcial",2.5,0)) -> 5 | O12: Atende | P12: 5 | Q12: Art. 7º, §4º, I. | R12: =IF(O12="Atende",4,IF(O12="Parcial",2,0)) -> 4 | S12: Atende | T12: 1 | U12: Art. 7º, §6º, I. | V12: =IF(S12="Atende",2,IF(S12="Parcial",1,0)) -> 2 | W12: Atende | X12: 0 | Y12: Art. 7º, §6º, I — impressora multifuncional; scanner autônomo não é citado expressamente. | Z12: =IF(W12="Atende",2,IF(W12="Parcial",1,0)) -> 2 | AA12: Atende | AB12: 2 | AC12: Art. 7º, §6º, IV. | AD12: =IF(AA12="Atende",2,IF(AA12="Parcial",1,0)) -> 2 | AE12: =SUM(F12,J12,N12,R12,V12,Z12,AD12) -> 25 | AF12: Doc. SEI 37070578
A13: DF | B13: Distrito Federal | C13: Atende | D13: Utiliza apenas outro sistema eletrônico de ouvidoria (estadual ou próprio do órgão); | E13: Art. 4º, V; art. 7º, §2º, III; §4º, II; §5º. | F13: =IF(C13="Atende",5,IF(C13="Parcial",2.5,0)) -> 5 | G13: Atende | H13: Toda manifestação é registrada com número de protocolo, é classificada por tipo e passa por análise preliminar, com critérios para arquivamento fundamentado e para o tratamento de manifestações anônimas | I13: Art. 11; art. 13, II. | J13: =IF(G13="Atende",5,IF(G13="Parcial",2.5,0)) -> 5 | K13: Atende | L13: Antivírus institucional instalado nas estações de trabalho;Mecanismos de autenticação e controle de acesso aos dados;Rotina de backup periódico dos dados da Ouvidoria;Acesso restrito a pastas/sistemas que contenham manifestações;Política interna ou instruções sobre tratamento de dados pessoais; | M13: Art. 4º, §2º; art. 7º, §4º, II e III; §5º. | N13: =IF(K13="Atende",5,IF(K13="Parcial",2.5,0)) -> 5 | O13: Atende | P13: 5 | Q13: Art. 7º, §4º, I. | R13: =IF(O13="Atende",4,IF(O13="Parcial",2,0)) -> 4 | S13: Atende | T13: 2 | U13: Art. 7º, §6º, I. | V13: =IF(S13="Atende",2,IF(S13="Parcial",1,0)) -> 2 | W13: Atende | X13: 0 | Y13: Art. 7º, §6º, I — impressora multifuncional; scanner autônomo não é citado expressamente. | Z13: =IF(W13="Atende",2,IF(W13="Parcial",1,0)) -> 2 | AA13: Atende | AB13: 1 | AC13: Art. 7º, §6º, IV. | AD13: =IF(AA13="Atende",2,IF(AA13="Parcial",1,0)) -> 2 | AE13: =SUM(F13,J13,N13,R13,V13,Z13,AD13) -> 25 | AF13: Doc. SEI 37070578
A14: ES | B14: Espírito Santo — Polícia Penal | C14: Atende | D14: Utiliza apenas outro sistema eletrônico de ouvidoria (estadual ou próprio do órgão); | E14: Art. 4º, V; art. 7º, §2º, III; §4º, II; §5º. | F14: =IF(C14="Atende",5,IF(C14="Parcial",2.5,0)) -> 5 | G14: Atende | H14: Toda manifestação é registrada com número de protocolo, é classificada por tipo e passa por análise preliminar, com critérios para arquivamento fundamentado e para o tratamento de manifestações anônimas | I14: Art. 11; art. 13, II. | J14: =IF(G14="Atende",5,IF(G14="Parcial",2.5,0)) -> 5 | K14: Atende | L14: Antivírus institucional instalado nas estações de trabalho;Mecanismos de autenticação e controle de acesso aos dados;Rotina de backup periódico dos dados da Ouvidoria;Acesso restrito a pastas/sistemas que contenham manifestações;Política interna ou instruções sobre tratamento de dados pessoais; | M14: Art. 4º, §2º; art. 7º, §4º, II e III; §5º. | N14: =IF(K14="Atende",5,IF(K14="Parcial",2.5,0)) -> 5 | O14: Atende | P14: 3 | Q14: Art. 7º, §4º, I. | R14: =IF(O14="Atende",4,IF(O14="Parcial",2,0)) -> 4 | S14: Atende | T14: 3 | U14: Art. 7º, §6º, I. | V14: =IF(S14="Atende",2,IF(S14="Parcial",1,0)) -> 2 | W14: Atende | X14: 3 | Y14: Art. 7º, §6º, I — impressora multifuncional; scanner autônomo não é citado expressamente. | Z14: =IF(W14="Atende",2,IF(W14="Parcial",1,0)) -> 2 | AA14: Atende | AB14: 2 | AC14: Art. 7º, §6º, IV. | AD14: =IF(AA14="Atende",2,IF(AA14="Parcial",1,0)) -> 2 | AE14: =SUM(F14,J14,N14,R14,V14,Z14,AD14) -> 25 | AF14: Doc. SEI 37070578
A15: ES | B15: Espírito Santo — SEJUS/ES | C15: Atende | D15: Utiliza apenas outro sistema eletrônico de ouvidoria (estadual ou próprio do órgão); | E15: Art. 4º, V; art. 7º, §2º, III; §4º, II; §5º. | F15: =IF(C15="Atende",5,IF(C15="Parcial",2.5,0)) -> 5 | G15: Atende | H15: Toda manifestação é registrada com número de protocolo, é classificada por tipo e passa por análise preliminar, com critérios para arquivamento fundamentado e para o tratamento de manifestações anônimas | I15: Art. 11; art. 13, II. | J15: =IF(G15="Atende",5,IF(G15="Parcial",2.5,0)) -> 5 | K15: Atende | L15: Antivírus institucional instalado nas estações de trabalho;Mecanismos de autenticação e controle de acesso aos dados;Rotina de backup periódico dos dados da Ouvidoria;Acesso restrito a pastas/sistemas que contenham manifestações;Política interna ou instruções sobre tratamento de dados pessoais; | M15: Art. 4º, §2º; art. 7º, §4º, II e III; §5º. | N15: =IF(K15="Atende",5,IF(K15="Parcial",2.5,0)) -> 5 | O15: Atende | P15: 4 | Q15: Art. 7º, §4º, I. | R15: =IF(O15="Atende",4,IF(O15="Parcial",2,0)) -> 4 | S15: Atende | T15: 1 | U15: Art. 7º, §6º, I. | V15: =IF(S15="Atende",2,IF(S15="Parcial",1,0)) -> 2 | W15: Atende | X15: 1 | Y15: Art. 7º, §6º, I — impressora multifuncional; scanner autônomo não é citado expressamente. | Z15: =IF(W15="Atende",2,IF(W15="Parcial",1,0)) -> 2 | AA15: Atende | AB15: 1 | AC15: Art. 7º, §6º, IV. | AD15: =IF(AA15="Atende",2,IF(AA15="Parcial",1,0)) -> 2 | AE15: =SUM(F15,J15,N15,R15,V15,Z15,AD15) -> 25 | AF15: Doc. SEI 37070578
A16: GO | B16: Goiás | C16: Atende | D16: Não possui canal próprio na Fala.BR, mas utiliza o canal Fala.BR da Ouvidoria-Geral do Estado ou outra ouvidoria central;Utiliza apenas outro sistema eletrônico de ouvidoria (estadual ou próprio do órgão); | E16: Art. 4º, V; art. 7º, §2º, III; §4º, II; §5º. | F16: =IF(C16="Atende",5,IF(C16="Parcial",2.5,0)) -> 5 | G16: Atende | H16: Toda manifestação é registrada com número de protocolo, é classificada por tipo e passa por análise preliminar, com critérios para arquivamento fundamentado e para o tratamento de manifestações anônimas | I16: Art. 11; art. 13, II. | J16: =IF(G16="Atende",5,IF(G16="Parcial",2.5,0)) -> 5 | K16: Atende | L16: Antivírus institucional instalado nas estações de trabalho;Acesso restrito a pastas/sistemas que contenham manifestações;Mecanismos de autenticação e controle de acesso aos dados;Rotina de backup periódico dos dados da Ouvidoria;Política interna ou instruções sobre tratamento de dados pessoais; | M16: Art. 4º, §2º; art. 7º, §4º, II e III; §5º. | N16: =IF(K16="Atende",5,IF(K16="Parcial",2.5,0)) -> 5 | O16: Atende | P16: 9 | Q16: Art. 7º, §4º, I. | R16: =IF(O16="Atende",4,IF(O16="Parcial",2,0)) -> 4 | S16: Atende | T16: 1 | U16: Art. 7º, §6º, I. | V16: =IF(S16="Atende",2,IF(S16="Parcial",1,0)) -> 2 | W16: Atende | X16: 1 | Y16: Art. 7º, §6º, I — impressora multifuncional; scanner autônomo não é citado expressamente. | Z16: =IF(W16="Atende",2,IF(W16="Parcial",1,0)) -> 2 | AA16: Atende | AB16: 1 | AC16: Art. 7º, §6º, IV. | AD16: =IF(AA16="Atende",2,IF(AA16="Parcial",1,0)) -> 2 | AE16: =SUM(F16,J16,N16,R16,V16,Z16,AD16) -> 25 | AF16: Doc. SEI 37070578
A17: MA | B17: Maranhão | C17: Atende | D17: Utiliza apenas outro sistema eletrônico de ouvidoria (estadual ou próprio do órgão); | E17: Art. 4º, V; art. 7º, §2º, III; §4º, II; §5º. | F17: =IF(C17="Atende",5,IF(C17="Parcial",2.5,0)) -> 5 | G17: Atende | H17: Toda manifestação é registrada com número de protocolo, é classificada por tipo e passa por análise preliminar, com critérios para arquivamento fundamentado e para o tratamento de manifestações anônimas | I17: Art. 11; art. 13, II. | J17: =IF(G17="Atende",5,IF(G17="Parcial",2.5,0)) -> 5 | K17: Atende | L17: Antivírus institucional instalado nas estações de trabalho;Mecanismos de autenticação e controle de acesso aos dados;Acesso restrito a pastas/sistemas que contenham manifestações;Política interna ou instruções sobre tratamento de dados pessoais; | M17: Art. 4º, §2º; art. 7º, §4º, II e III; §5º. | N17: =IF(K17="Atende",5,IF(K17="Parcial",2.5,0)) -> 5 | O17: Atende | P17: 5 | Q17: Art. 7º, §4º, I. | R17: =IF(O17="Atende",4,IF(O17="Parcial",2,0)) -> 4 | S17: Não atende | T17: 1 | U17: Art. 7º, §6º, I. | V17: =IF(S17="Atende",2,IF(S17="Parcial",1,0)) -> 0 | W17: Não atende | X17: 1 | Y17: Art. 7º, §6º, I — impressora multifuncional; scanner autônomo não é citado expressamente. | Z17: =IF(W17="Atende",2,IF(W17="Parcial",1,0)) -> 0 | AA17: Atende | AB17: 1 | AC17: Art. 7º, §6º, IV. | AD17: =IF(AA17="Atende",2,IF(AA17="Parcial",1,0)) -> 2 | AE17: =SUM(F17,J17,N17,R17,V17,Z17,AD17) -> 21 | AF17: Doc. SEI 37070578
A18: MT | B18: Mato Grosso | C18: Atende | D18: Possui canal próprio na Plataforma Fala.BR (CGU); | E18: Art. 4º, V; art. 7º, §2º, III; §4º, II; §5º. | F18: =IF(C18="Atende",5,IF(C18="Parcial",2.5,0)) -> 5 | G18: Atende | H18: Toda manifestação é registrada com número de protocolo, é classificada por tipo e passa por análise preliminar, com critérios para arquivamento fundamentado e para o tratamento de manifestações anônimas | I18: Art. 11; art. 13, II. | J18: =IF(G18="Atende",5,IF(G18="Parcial",2.5,0)) -> 5 | K18: Atende | L18: Acesso restrito a pastas/sistemas que contenham manifestações; | M18: Art. 4º, §2º; art. 7º, §4º, II e III; §5º. | N18: =IF(K18="Atende",5,IF(K18="Parcial",2.5,0)) -> 5 | O18: Não atende | P18: 3 | Q18: Art. 7º, §4º, I. | R18: =IF(O18="Atende",4,IF(O18="Parcial",2,0)) -> 0 | S18: Atende | T18: 1 | U18: Art. 7º, §6º, I. | V18: =IF(S18="Atende",2,IF(S18="Parcial",1,0)) -> 2 | W18: Não atende | X18: 0 | Y18: Art. 7º, §6º, I — impressora multifuncional; scanner autônomo não é citado expressamente. | Z18: =IF(W18="Atende",2,IF(W18="Parcial",1,0)) -> 0 | AA18: Atende | AB18: 2 | AC18: Art. 7º, §6º, IV. | AD18: =IF(AA18="Atende",2,IF(AA18="Parcial",1,0)) -> 2 | AE18: =SUM(F18,J18,N18,R18,V18,Z18,AD18) -> 19 | AF18: Doc. SEI 37070578
... A34: TO | B34: Tocantins | C34: Sem evidência | D34: Não possui canal próprio na Fala.BR, mas utiliza o canal Fala.BR da Ouvidoria-Geral do Estado ou outra ouvidoria central; | E34: Art. 4º, V; art. 7º, §2º, III; §4º, II; §5º. | F34: =IF(C34="Atende",5,IF(C34="Parcial",2.5,0)) -> 0 | G34: Sem evidência | H34: Toda manifestação é registrada com número de protocolo, é classificada por tipo e passa por análise preliminar, com critérios para arquivamento fundamentado e para o tratamento de manifestações anônimas | I34: Art. 11; art. 13, II. | J34: =IF(G34="Atende",5,IF(G34="Parcial",2.5,0)) -> 0 | K34: Sem evidência | L34: Política interna ou instruções sobre tratamento de dados pessoais; | M34: Art. 4º, §2º; art. 7º, §4º, II e III; §5º. | N34: =IF(K34="Atende",5,IF(K34="Parcial",2.5,0)) -> 0 | O34: Não atende | P34: 2 | Q34: Art. 7º, §4º, I. | R34: =IF(O34="Atende",4,IF(O34="Parcial",2,0)) -> 0 | S34: Não atende | T34: 1 | U34: Art. 7º, §6º, I. | V34: =IF(S34="Atende",2,IF(S34="Parcial",1,0)) -> 0 | W34: Não atende | X34: 0 | Y34: Art. 7º, §6º, I — impressora multifuncional; scanner autônomo não é citado expressamente. | Z34: =IF(W34="Atende",2,IF(W34="Parcial",1,0)) -> 0 | AA34: Sem evidência | AB34: 1 | AC34: Art. 7º, §6º, IV. | AD34: =IF(AA34="Atende",2,IF(AA34="Parcial",1,0)) -> 0 | AE34: =SUM(F34,J34,N34,R34,V34,Z34,AD34) -> 0 | AF34: Doc. SEI 37070578

Sheet 07_Maturidade
A1: 07 — Maturidade / bônus
A2: Bônus disponível: até 10 pontos. Cada pergunta deste bloco é exclusiva do bônus e não aparece nas dimensões de pontuação-base.
A4: Identificação | C4: Bônus — Uso do canal Fala.BR | F4: Bônus — Designação por mandato | I4: Bônus — Dedicação da equipe | L4: Bônus — Requisitos de perfil para o cargo de Ouvidor | O4: Bônus — WhatsApp institucional | R4: Bônus — Outros canais eletrônicos institucionais | U4: Bônus — Materiais adicionais de divulgação e educação em direitos | X4: Resultado do bônus
A5: UF | B5: Unidade Federativa | C5: M2-46 — Uso do canal Fala.BR (+3) | D5: Resposta do diagnóstico | E5: Fundamentação na IN nº 75/2026 | F5: M0-08 — Designação por mandato (+1) | G5: Resposta do diagnóstico | H5: Fundamentação na IN nº 75/2026 | I5: M3-60 — Dedicação da equipe (+1) | J5: Resposta do diagnóstico | K5: Fundamentação na IN nº 75/2026 | L5: M3-58 — Requisitos de perfil para o cargo de Ouvidor (+1) | M5: Resposta do diagnóstico | N5: Fundamentação na IN nº 75/2026 | O5: M2-50 — WhatsApp institucional (+1) | P5: Resposta do diagnóstico | Q5: Fundamentação na IN nº 75/2026 | R5: M2-49 — Outros canais eletrônicos institucionais (+1) | S5: Resposta do diagnóstico | T5: Fundamentação na IN nº 75/2026 | U5: M2-36 — Materiais adicionais de divulgação e educação em direitos (+2) | V5: Resposta do diagnóstico | W5: Fundamentação na IN nº 75/2026 | X5: Bônus disponível /10 | Y5: Evidências / observações
A6: Como aplicar / resposta / fundamento → | C6: SIM: utiliza o Fala.BR. NÃO/SEM EVIDÊNCIA: 0. Valor: +3 ponto(s). | D6: Resposta original consolidada do diagnóstico. | E6: Art. 4º, V; art. 7º, §2º, III, e §5º. | F6: SIM: existe mandato fixo formalmente previsto. NÃO/SEM EVIDÊNCIA: 0. Valor: +1 ponto(s). | G6: Resposta original consolidada do diagnóstico. | H6: Art. 6º, §2º; art. 8º, §2º. | I6: SIM: há dedicação exclusiva da equipe. NÃO/SEM EVIDÊNCIA: 0. Valor: +1 ponto(s). | J6: Resposta original consolidada do diagnóstico. | K6: Art. 9º, caput. | L6: SIM: perfil atende aos requisitos preferenciais indicados na IN. NÃO/SEM EVIDÊNCIA: 0. Valor: +1 ponto(s). | M6: Resposta original consolidada do diagnóstico. | N6: Art. 8º, §1º. | O6: SIM: existe WhatsApp institucional utilizado pela Ouvidoria. NÃO/SEM EVIDÊNCIA: 0. Valor: +1 ponto(s). | P6: Resposta original consolidada do diagnóstico. | Q6: Art. 4º, III e V; art. 7º, §2º — canal adicional não previsto nominalmente. | R6: SIM: existem outros canais eletrônicos institucionais adicionais. NÃO/SEM EVIDÊNCIA: 0. Valor: +1 ponto(s). | S6: Resposta original consolidada do diagnóstico. | T6: Art. 4º, III e V; art. 7º, §2º. | U6: SIM: existem materiais adicionais de divulgação/educação em direitos. NÃO/SEM EVIDÊNCIA: 0. Valor: +2 ponto(s). | V6: Resposta original consolidada do diagnóstico. | W6: Art. 7º, §6º, III. | X6: Soma dos bônus comprovados. | Y6: Doc. SEI 37070578
A7: AC | B7: Acre | C7: Sim | D7: O Fala.BR é utilizado apenas para parte das manifestações | E7: Art. 4º, V; art. 7º, §2º, III, e §5º. | F7: Não | G7: Sem mandato | H7: Art. 6º, §2º; art. 8º, §2º. | I7: Sim | J7: A equipe atua com dedicação exclusiva na Ouvidoria de Serviços Penais | K7: Art. 9º, caput. | L7: Sim | M7: Reputação ilibada;Conhecimento em gestão pública;Conhecimento em direitos humanos ou sistema penal; | N7: Art. 8º, §1º. | O7: Sim | P7: 68 98112-4517 | Q7: Art. 4º, III e V; art. 7º, §2º — canal adicional não previsto nominalmente. | R7: Sim | S7: WhatsApp institucional ou outro aplicativo de mensagem;ouvidoriaiapen@gmail.com; | T7: Art. 4º, III e V; art. 7º, §2º. | U7: Sim | V7: Cartões de contato da Ouvidoria;Conteúdos digitais no site ou portal institucional específicos da Ouvidoria de Serviços Penais; | W7: Art. 7º, §6º, III. | X7: =SUM(IF(C7="Sim",3,0),IF(F7="Sim",1,0),IF(I7="Sim",1,0),IF(L7="Sim",1,0),IF(O7="Sim",1,0),IF(R7="Sim",1,0),IF(U7="Sim",2,0)) -> 9 | Y7: Doc. SEI 37070578
A8: AL | B8: Alagoas | C8: Não | D8: Não utiliza o Fala.BR | E8: Art. 4º, V; art. 7º, §2º, III, e §5º. | F8: Não | G8: não | H8: Art. 6º, §2º; art. 8º, §2º. | I8: Sim | J8: A equipe atua com dedicação exclusiva na Ouvidoria de Serviços Penais | K8: Art. 9º, caput. | L8: Sim | M8: Reputação ilibada;Conhecimento em gestão pública;Conhecimento em direitos humanos ou sistema penal; | N8: Art. 8º, §1º. | O8: Sim | P8: 82-98802-5049 | Q8: Art. 4º, III e V; art. 7º, §2º — canal adicional não previsto nominalmente. | R8: Sim | S8: WhatsApp institucional ou outro aplicativo de mensagem; | T8: Art. 4º, III e V; art. 7º, §2º. | U8: Sim | V8: Folders, panfletos ou guias impressos explicando o papel da Ouvidoria e seus canais;Materiais educativos voltados a pessoas privadas de liberdade, familiares ou servidores(as) penais;Conteúdos digitais no site ou portal institucional específicos da Ouvidoria de Serviços Penais; | W8: Art. 7º, §6º, III. | X8: =SUM(IF(C8="Sim",3,0),IF(F8="Sim",1,0),IF(I8="Sim",1,0),IF(L8="Sim",1,0),IF(O8="Sim",1,0),IF(R8="Sim",1,0),IF(U8="Sim",2,0)) -> 6 | Y8: Doc. SEI 37070578
A9: AP | B9: Amapá | C9: Não | D9: Não utiliza o Fala.BR | E9: Art. 4º, V; art. 7º, §2º, III, e §5º. | F9: Não | G9: Não | H9: Art. 6º, §2º; art. 8º, §2º. | I9: Sim | J9: A equipe atua com dedicação exclusiva na Ouvidoria de Serviços Penais | K9: Art. 9º, caput. | L9: Sim | M9: Reputação ilibada;Conhecimento em gestão pública;Conhecimento em direitos humanos ou sistema penal;Experiência prévia em ouvidoria pública; | N9: Art. 8º, §1º. | O9: Sim | P9: 96 98414-9015 | Q9: Art. 4º, III e V; art. 7º, §2º — canal adicional não previsto nominalmente. | R9: Sim | S9: WhatsApp institucional ou outro aplicativo de mensagem;E-mail ; | T9: Art. 4º, III e V; art. 7º, §2º. | U9: Sim | V9: Conteúdos digitais no site ou portal institucional específicos da Ouvidoria de Serviços Penais;Outras peças ou campanhas de comunicação ou educação em direitos; | W9: Art. 7º, §6º, III. | X9: =SUM(IF(C9="Sim",3,0),IF(F9="Sim",1,0),IF(I9="Sim",1,0),IF(L9="Sim",1,0),IF(O9="Sim",1,0),IF(R9="Sim",1,0),IF(U9="Sim",2,0)) -> 6 | Y9: Doc. SEI 37070578
A10: AM | B10: Amazonas | C10: Sim | D10: O Fala.BR é utilizado apenas para parte das manifestações | E10: Art. 4º, V; art. 7º, §2º, III, e §5º. | F10: Não | G10: Negativo | H10: Art. 6º, §2º; art. 8º, §2º. | I10: Sim | J10: A equipe atua com dedicação exclusiva na Ouvidoria de Serviços Penais | K10: Art. 9º, caput. | L10: Sim | M10: Reputação ilibada;Conhecimento em gestão pública;Conhecimento em direitos humanos ou sistema penal;Experiência prévia em ouvidoria pública; | N10: Art. 8º, §1º. | O10: Sim | P10: 92 9981033886 /92 99389-0160 | Q10: Art. 4º, III e V; art. 7º, §2º — canal adicional não previsto nominalmente. | R10: Sim | S10: WhatsApp institucional ou outro aplicativo de mensagem; | T10: Art. 4º, III e V; art. 7º, §2º. | U10: Sim | V10: Conteúdos digitais no site ou portal institucional específicos da Ouvidoria de Serviços Penais;Materiais educativos voltados a pessoas privadas de liberdade, familiares ou servidores(as) penais;Folders, panfletos ou guias impressos explicando o papel da Ouvidoria e seus canais; | W10: Art. 7º, §6º, III. | X10: =SUM(IF(C10="Sim",3,0),IF(F10="Sim",1,0),IF(I10="Sim",1,0),IF(L10="Sim",1,0),IF(O10="Sim",1,0),IF(R10="Sim",1,0),IF(U10="Sim",2,0)) -> 9 | Y10: Doc. SEI 37070578
A11: BA | B11: Bahia | C11: Não | D11: Não utiliza o Fala.BR | E11: Art. 4º, V; art. 7º, §2º, III, e §5º. | F11: Não | G11: Não | H11: Art. 6º, §2º; art. 8º, §2º. | I11: Não | J11: Parte da equipe tem dedicação prioritária, mas acumula outras funções relevantes | K11: Art. 9º, caput. | L11: Sim | M11: Reputação ilibada; | N11: Art. 8º, §1º. | O11: Não | P11: Sem resposta no diagnóstico | Q11: Art. 4º, III e V; art. 7º, §2º — canal adicional não previsto nominalmente. | R11: Sim | S11: e-mail, telefone, TAG (sistema das ouvidorias - site e 0800); | T11: Art. 4º, III e V; art. 7º, §2º. | U11: Sim | V11: Cartões de contato da Ouvidoria; | W11: Art. 7º, §6º, III. | X11: =SUM(IF(C11="Sim",3,0),IF(F11="Sim",1,0),IF(I11="Sim",1,0),IF(L11="Sim",1,0),IF(O11="Sim",1,0),IF(R11="Sim",1,0),IF(U11="Sim",2,0)) -> 4 | Y11: Doc. SEI 37070578
A12: CE | B12: Ceará | C12: Não | D12: Não utiliza o Fala.BR | E12: Art. 4º, V; art. 7º, §2º, III, e §5º. | F12: Não | G12: Não. No Ceará designação se dá por livre nomeação e exoneração. | H12: Art. 6º, §2º; art. 8º, §2º. | I12: Sim | J12: A equipe atua com dedicação exclusiva na Ouvidoria de Serviços Penais | K12: Art. 9º, caput. | L12: Sim | M12: Reputação ilibada;Conhecimento em gestão pública;Conhecimento em direitos humanos ou sistema penal;Experiência prévia em ouvidoria pública; | N12: Art. 8º, §1º. | O12: Não | P12: 155 | Q12: Art. 4º, III e V; art. 7º, §2º — canal adicional não previsto nominalmente. | R12: Sim | S12: cearatransparente.ce.gov.br ; | T12: Art. 4º, III e V; art. 7º, §2º. | U12: Sim | V12: Folders, panfletos ou guias impressos explicando o papel da Ouvidoria e seus canais; | W12: Art. 7º, §6º, III. | X12: =SUM(IF(C12="Sim",3,0),IF(F12="Sim",1,0),IF(I12="Sim",1,0),IF(L12="Sim",1,0),IF(O12="Sim",1,0),IF(R12="Sim",1,0),IF(U12="Sim",2,0)) -> 5 | Y12: Doc. SEI 37070578
A13: DF | B13: Distrito Federal | C13: Não | D13: Não utiliza o Fala.BR | E13: Art. 4º, V; art. 7º, §2º, III, e §5º. | F13: Não | G13: Não. | H13: Art. 6º, §2º; art. 8º, §2º. | I13: Não | J13: Parte da equipe tem dedicação prioritária, mas acumula outras funções relevantes | K13: Art. 9º, caput. | L13: Sim | M13: Reputação ilibada;Conhecimento em gestão pública; | N13: Art. 8º, §1º. | O13: Não | P13: Sem resposta no diagnóstico | Q13: Art. 4º, III e V; art. 7º, §2º — canal adicional não previsto nominalmente. | R13: Não | S13: Não se aplica. Vedação legal do GDF; | T13: Art. 4º, III e V; art. 7º, §2º. | U13: Sim | V13: Folders, panfletos ou guias impressos explicando o papel da Ouvidoria e seus canais;Conteúdos digitais no site ou portal institucional específicos da Ouvidoria de Serviços Penais; | W13: Art. 7º, §6º, III. | X13: =SUM(IF(C13="Sim",3,0),IF(F13="Sim",1,0),IF(I13="Sim",1,0),IF(L13="Sim",1,0),IF(O13="Sim",1,0),IF(R13="Sim",1,0),IF(U13="Sim",2,0)) -> 3 | Y13: Doc. SEI 37070578
A14: ES | B14: Espírito Santo — Polícia Penal | C14: Não | D14: Não utiliza o Fala.BR | E14: Art. 4º, V; art. 7º, §2º, III, e §5º. | F14: Sim | G14: 05/01/2026 a 03/02/2026 | H14: Art. 6º, §2º; art. 8º, §2º. | I14: Sim | J14: A equipe atua com dedicação exclusiva na Ouvidoria de Serviços Penais | K14: Art. 9º, caput. | L14: Sim | M14: Reputação ilibada;Conhecimento em direitos humanos ou sistema penal;Conhecimento em gestão pública; | N14: Art. 8º, §1º. | O14: Sim | P14: (27) 99316-7687 | Q14: Art. 4º, III e V; art. 7º, §2º — canal adicional não previsto nominalmente. | R14: Sim | S14: WhatsApp institucional ou outro aplicativo de mensagem; | T14: Art. 4º, III e V; art. 7º, §2º. | U14: Sim | V14: Folders, panfletos ou guias impressos explicando o papel da Ouvidoria e seus canais;Conteúdos digitais no site ou portal institucional específicos da Ouvidoria de Serviços Penais;Outras peças ou campanhas de comunicação ou educação em direitos; | W14: Art. 7º, §6º, III. | X14: =SUM(IF(C14="Sim",3,0),IF(F14="Sim",1,0),IF(I14="Sim",1,0),IF(L14="Sim",1,0),IF(O14="Sim",1,0),IF(R14="Sim",1,0),IF(U14="Sim",2,0)) -> 7 | Y14: Doc. SEI 37070578
A15: ES | B15: Espírito Santo — SEJUS/ES | C15: Não | D15: Não utiliza o Fala.BR | E15: Art. 4º, V; art. 7º, §2º, III, e §5º. | F15: Não | G15: Não. | H15: Art. 6º, §2º; art. 8º, §2º. | I15: Não | J15: A equipe atua de forma predominantemente residual (ouvidoria é atividade secundária) | K15: Art. 9º, caput. | L15: Sim | M15: Reputação ilibada;Conhecimento em gestão pública;Conhecimento em direitos humanos ou sistema penal;Experiência prévia em ouvidoria pública; | N15: Art. 8º, §1º. | O15: Não | P15: Não tem. | Q15: Art. 4º, III e V; art. 7º, §2º — canal adicional não previsto nominalmente. | R15: Sim | S15: Os canais da Ouvidoria Geral são: Presencial, site, e-mail e telefone.; | T15: Art. 4º, III e V; art. 7º, §2º. | U15: Sim | V15: Outras peças ou campanhas de comunicação ou educação em direitos; | W15: Art. 7º, §6º, III. | X15: =SUM(IF(C15="Sim",3,0),IF(F15="Sim",1,0),IF(I15="Sim",1,0),IF(L15="Sim",1,0),IF(O15="Sim",1,0),IF(R15="Sim",1,0),IF(U15="Sim",2,0)) -> 4 | Y15: Doc. SEI 37070578
A16: GO | B16: Goiás | C16: Não | D16: Não utiliza o Fala.BR | E16: Art. 4º, V; art. 7º, §2º, III, e §5º. | F16: Não | G16: Não | H16: Art. 6º, §2º; art. 8º, §2º. | I16: Sim | J16: A equipe atua com dedicação exclusiva na Ouvidoria de Serviços Penais | K16: Art. 9º, caput. | L16: Sim | M16: Reputação ilibada;Conhecimento em gestão pública;Conhecimento em direitos humanos ou sistema penal; | N16: Art. 8º, §1º. | O16: Não | P16: Sem resposta no diagnóstico | Q16: Art. 4º, III e V; art. 7º, §2º — canal adicional não previsto nominalmente. | R16: Sim | S16: Serviço 0800 ou linha telefônica especial; | T16: Art. 4º, III e V; art. 7º, §2º. | U16: Sim | V16: Conteúdos digitais no site ou portal institucional específicos da Ouvidoria de Serviços Penais; | W16: Art. 7º, §6º, III. | X16: =SUM(IF(C16="Sim",3,0),IF(F16="Sim",1,0),IF(I16="Sim",1,0),IF(L16="Sim",1,0),IF(O16="Sim",1,0),IF(R16="Sim",1,0),IF(U16="Sim",2,0)) -> 5 | Y16: Doc. SEI 37070578
A17: MA | B17: Maranhão | C17: Não | D17: Não utiliza o Fala.BR | E17: Art. 4º, V; art. 7º, §2º, III, e §5º. | F17: Não | G17: NÃO | H17: Art. 6º, §2º; art. 8º, §2º. | I17: Sim | J17: A equipe atua com dedicação exclusiva na Ouvidoria de Serviços Penais | K17: Art. 9º, caput. | L17: Sim | M17: Reputação ilibada;Conhecimento em gestão pública;Experiência prévia em ouvidoria pública; | N17: Art. 8º, §1º. | O17: Sim | P17: (98) 99181-7012 | Q17: Art. 4º, III e V; art. 7º, §2º — canal adicional não previsto nominalmente. | R17: Sim | S17: WhatsApp institucional ou outro aplicativo de mensagem;Serviço 0800 ou linha telefônica especial; | T17: Art. 4º, III e V; art. 7º, §2º. | U17: Sim | V17: Cartões de contato da Ouvidoria;Conteúdos digitais no site ou portal institucional específicos da Ouvidoria de Serviços Penais; | W17: Art. 7º, §6º, III. | X17: =SUM(IF(C17="Sim",3,0),IF(F17="Sim",1,0),IF(I17="Sim",1,0),IF(L17="Sim",1,0),IF(O17="Sim",1,0),IF(R17="Sim",1,0),IF(U17="Sim",2,0)) -> 6 | Y17: Doc. SEI 37070578
A18: MT | B18: Mato Grosso | C18: Sim | D18: O Fala.BR é utilizado como sistema principal de registro e gestão das manifestações | E18: Art. 4º, V; art. 7º, §2º, III, e §5º. | F18: Sim | G18: permanente | H18: Art. 6º, §2º; art. 8º, §2º. | I18: Sim | J18: A equipe atua com dedicação exclusiva na Ouvidoria de Serviços Penais | K18: Art. 9º, caput. | L18: Sim | M18: Reputação ilibada;Conhecimento em gestão pública;Conhecimento em direitos humanos ou sistema penal; | N18: Art. 8º, §1º. | O18: Sim | P18: +556581300380 | Q18: Art. 4º, III e V; art. 7º, §2º — canal adicional não previsto nominalmente. | R18: Sim | S18: WhatsApp institucional ou outro aplicativo de mensagem;fala Cidadão; | T18: Art. 4º, III e V; art. 7º, §2º. | U18: Sim | V18: Cartões de contato da Ouvidoria;Folders, panfletos ou guias impressos explicando o papel da Ouvidoria e seus canais;Materiais educativos voltados a pessoas privadas de liberdade, familiares ou servidores(as) penais;Conteúdos digitais no site ou portal institucional específicos da Ouvidoria de Serviços Penais;Outras peças ou campanhas de comunicação ou educação em direitos; | W18: Art. 7º, §6º, III. | X18: =SUM(IF(C18="Sim",3,0),IF(F18="Sim",1,0),IF(I18="Sim",1,0),IF(L18="Sim",1,0),IF(O18="Sim",1,0),IF(R18="Sim",1,0),IF(U18="Sim",2,0)) -> 10 | Y18: Doc. SEI 37070578
... A34: TO | B34: Tocantins | C34: Não | D34: O Fala.BR é utilizado como sistema principal de registro e gestão das manifestações | E34: Art. 4º, V; art. 7º, §2º, III, e §5º. | F34: Não | G34: NÃO | H34: Art. 6º, §2º; art. 8º, §2º. | I34: Não | J34: A equipe atua com dedicação exclusiva na Ouvidoria de Serviços Penais | K34: Art. 9º, caput. | L34: Não | M34: Reputação ilibada; | N34: Art. 8º, §1º. | O34: Não | P34: Sem resposta no diagnóstico | Q34: Art. 4º, III e V; art. 7º, §2º — canal adicional não previsto nominalmente. | R34: Não | S34: WhatsApp institucional ou outro aplicativo de mensagem; | T34: Art. 4º, III e V; art. 7º, §2º. | U34: Não | V34: Outras peças ou campanhas de comunicação ou educação em direitos; | W34: Art. 7º, §6º, III. | X34: =SUM(IF(C34="Sim",3,0),IF(F34="Sim",1,0),IF(I34="Sim",1,0),IF(L34="Sim",1,0),IF(O34="Sim",1,0),IF(R34="Sim",1,0),IF(U34="Sim",2,0)) -> 0 | Y34: Doc. SEI 37070578

Sheet 08_Resumo
A1: Resumo e classificação por unidade de avaliação
A2: Pontuação-base máxima: 100. Bônus disponível: até 10. Nenhuma pergunta é contabilizada em mais de uma dimensão.
A4: UF | B4: Unidade Federativa | C4: Institucionalização /15 | D4: Autonomia /15 | E4: Imparcialidade /15 | F4: Acessibilidade /15 | G4: Transparência /15 | H4: Integração tecnológica /25 | I4: Nota-base /100 | J4: Bônus disponível /10 | K4: Bônus aplicado | L4: Nota final /100 | M4: Situação institucional | N4: Trava dimensão zerada | O4: Classificação | P4: Observação | R4: Indicador | S4: Valor
A5: AC | B5: Acre | C5: ='01_Institucionalização'!G7 -> 15 | D5: ='02_Autonomia'!W7 -> 13.5 | E5: ='03_Imparcialidade'!K7 -> 11.5 | F5: ='04_Acessibilidade'!AA7 -> 13 | G5: ='05_Transparência'!K7 -> 10 | H5: ='06_Integração Tec'!AE7 -> 23 | I5: =IF(M5<>"Instituída","",SUM(C5:H5)) -> 86 | J5: =IF(M5<>"Instituída","",'07_Maturidade'!X7) -> 9 | K5: =IF(M5<>"Instituída","",MIN(J5,MAX(0,100-I5))) -> 9 | L5: =IF(M5<>"Instituída","",MIN(100,I5+K5)) -> 95 | M5: ='01_Institucionalização'!H7 -> Instituída | N5: =IF(M5<>"Instituída","",IF(OR(D5=0,E5=0,F5=0,G5=0,H5=0),"Sim","Não")) -> Não | O5: =IF(M5="Não instituída","Não instituída",IF(M5<>"Instituída","Sem evidência",IF(N5="Sim","Instituída — aderência insuficiente (dimensão essencial zerada)",IF(L5<50,"Instituída — baixa aderência",IF(L5<70,"Instituída — aderência parcial",IF(L5<90,"Instituída — aderência satisfatória","Instituída — elevada aderência")))))) -> Instituída — elevada aderência | P5: =IF(M5<>"Instituída","",IF(K5=0,"Bônus não aplicado",IF(K5<J5,"Bônus limitado ao necessário para atingir 100","Bônus integralmente aplicado"))) -> Bônus integralmente aplicado | R5: Unidades de avaliação | S5: =COUNTA(A5:A32) -> 28
A6: AL | B6: Alagoas | C6: ='01_Institucionalização'!G8 -> 15 | D6: ='02_Autonomia'!W8 -> 9 | E6: ='03_Imparcialidade'!K8 -> 8 | F6: ='04_Acessibilidade'!AA8 -> 12 | G6: ='05_Transparência'!K8 -> 10 | H6: ='06_Integração Tec'!AE8 -> 14.5 | I6: =IF(M6<>"Instituída","",SUM(C6:H6)) -> 68.5 | J6: =IF(M6<>"Instituída","",'07_Maturidade'!X8) -> 6 | K6: =IF(M6<>"Instituída","",MIN(J6,MAX(0,100-I6))) -> 6 | L6: =IF(M6<>"Instituída","",MIN(100,I6+K6)) -> 74.5 | M6: ='01_Institucionalização'!H8 -> Instituída | N6: =IF(M6<>"Instituída","",IF(OR(D6=0,E6=0,F6=0,G6=0,H6=0),"Sim","Não")) -> Não | O6: =IF(M6="Não instituída","Não instituída",IF(M6<>"Instituída","Sem evidência",IF(N6="Sim","Instituída — aderência insuficiente (dimensão essencial zerada)",IF(L6<50,"Instituída — baixa aderência",IF(L6<70,"Instituída — aderência parcial",IF(L6<90,"Instituída — aderência satisfatória","Instituída — elevada aderência")))))) -> Instituída — aderência satisfatória | P6: =IF(M6<>"Instituída","",IF(K6=0,"Bônus não aplicado",IF(K6<J6,"Bônus limitado ao necessário para atingir 100","Bônus integralmente aplicado"))) -> Bônus integralmente aplicado | R6: Instituídas | S6: =COUNTIF(M5:M32,"Instituída") -> 25
A7: AP | B7: Amapá | C7: ='01_Institucionalização'!G9 -> 15 | D7: ='02_Autonomia'!W9 -> 15 | E7: ='03_Imparcialidade'!K9 -> 15 | F7: ='04_Acessibilidade'!AA9 -> 13.5 | G7: ='05_Transparência'!K9 -> 10 | H7: ='06_Integração Tec'!AE9 -> 17 | I7: =IF(M7<>"Instituída","",SUM(C7:H7)) -> 85.5 | J7: =IF(M7<>"Instituída","",'07_Maturidade'!X9) -> 6 | K7: =IF(M7<>"Instituída","",MIN(J7,MAX(0,100-I7))) -> 6 | L7: =IF(M7<>"Instituída","",MIN(100,I7+K7)) -> 91.5 | M7: ='01_Institucionalização'!H9 -> Instituída | N7: =IF(M7<>"Instituída","",IF(OR(D7=0,E7=0,F7=0,G7=0,H7=0),"Sim","Não")) -> Não | O7: =IF(M7="Não instituída","Não instituída",IF(M7<>"Instituída","Sem evidência",IF(N7="Sim","Instituída — aderência insuficiente (dimensão essencial zerada)",IF(L7<50,"Instituída — baixa aderência",IF(L7<70,"Instituída — aderência parcial",IF(L7<90,"Instituída — aderência satisfatória","Instituída — elevada aderência")))))) -> Instituída — elevada aderência | P7: =IF(M7<>"Instituída","",IF(K7=0,"Bônus não aplicado",IF(K7<J7,"Bônus limitado ao necessário para atingir 100","Bônus integralmente aplicado"))) -> Bônus integralmente aplicado | R7: Não instituídas | S7: =COUNTIF(M5:M32,"Não instituída") -> 3
A8: AM | B8: Amazonas | C8: ='01_Institucionalização'!G10 -> 15 | D8: ='02_Autonomia'!W10 -> 15 | E8: ='03_Imparcialidade'!K10 -> 15 | F8: ='04_Acessibilidade'!AA10 -> 11.5 | G8: ='05_Transparência'!K10 -> 15 | H8: ='06_Integração Tec'!AE10 -> 25 | I8: =IF(M8<>"Instituída","",SUM(C8:H8)) -> 96.5 | J8: =IF(M8<>"Instituída","",'07_Maturidade'!X10) -> 9 | K8: =IF(M8<>"Instituída","",MIN(J8,MAX(0,100-I8))) -> 3.5 | L8: =IF(M8<>"Instituída","",MIN(100,I8+K8)) -> 100 | M8: ='01_Institucionalização'!H10 -> Instituída | N8: =IF(M8<>"Instituída","",IF(OR(D8=0,E8=0,F8=0,G8=0,H8=0),"Sim","Não")) -> Não | O8: =IF(M8="Não instituída","Não instituída",IF(M8<>"Instituída","Sem evidência",IF(N8="Sim","Instituída — aderência insuficiente (dimensão essencial zerada)",IF(L8<50,"Instituída — baixa aderência",IF(L8<70,"Instituída — aderência parcial",IF(L8<90,"Instituída — aderência satisfatória","Instituída — elevada aderência")))))) -> Instituída — elevada aderência | P8: =IF(M8<>"Instituída","",IF(K8=0,"Bônus não aplicado",IF(K8<J8,"Bônus limitado ao necessário para atingir 100","Bônus integralmente aplicado"))) -> Bônus limitado ao necessário para atingir 100 | R8: Sem evidência institucional | S8: =COUNTIF(M5:M32,"Sem evidência") -> 0
A9: BA | B9: Bahia | C9: ='01_Institucionalização'!G11 -> 15 | D9: ='02_Autonomia'!W11 -> 15 | E9: ='03_Imparcialidade'!K11 -> 15 | F9: ='04_Acessibilidade'!AA11 -> 11.5 | G9: ='05_Transparência'!K11 -> 15 | H9: ='06_Integração Tec'!AE11 -> 17 | I9: =IF(M9<>"Instituída","",SUM(C9:H9)) -> 88.5 | J9: =IF(M9<>"Instituída","",'07_Maturidade'!X11) -> 4 | K9: =IF(M9<>"Instituída","",MIN(J9,MAX(0,100-I9))) -> 4 | L9: =IF(M9<>"Instituída","",MIN(100,I9+K9)) -> 92.5 | M9: ='01_Institucionalização'!H11 -> Instituída | N9: =IF(M9<>"Instituída","",IF(OR(D9=0,E9=0,F9=0,G9=0,H9=0),"Sim","Não")) -> Não | O9: =IF(M9="Não instituída","Não instituída",IF(M9<>"Instituída","Sem evidência",IF(N9="Sim","Instituída — aderência insuficiente (dimensão essencial zerada)",IF(L9<50,"Instituída — baixa aderência",IF(L9<70,"Instituída — aderência parcial",IF(L9<90,"Instituída — aderência satisfatória","Instituída — elevada aderência")))))) -> Instituída — elevada aderência | P9: =IF(M9<>"Instituída","",IF(K9=0,"Bônus não aplicado",IF(K9<J9,"Bônus limitado ao necessário para atingir 100","Bônus integralmente aplicado"))) -> Bônus integralmente aplicado | R9: Elevada aderência | S9: =COUNTIF(O5:O32,"*elevada*") -> 17
A10: CE | B10: Ceará | C10: ='01_Institucionalização'!G12 -> 15 | D10: ='02_Autonomia'!W12 -> 15 | E10: ='03_Imparcialidade'!K12 -> 15 | F10: ='04_Acessibilidade'!AA12 -> 15 | G10: ='05_Transparência'!K12 -> 15 | H10: ='06_Integração Tec'!AE12 -> 25 | I10: =IF(M10<>"Instituída","",SUM(C10:H10)) -> 100 | J10: =IF(M10<>"Instituída","",'07_Maturidade'!X12) -> 5 | K10: =IF(M10<>"Instituída","",MIN(J10,MAX(0,100-I10))) -> 0 | L10: =IF(M10<>"Instituída","",MIN(100,I10+K10)) -> 100 | M10: ='01_Institucionalização'!H12 -> Instituída | N10: =IF(M10<>"Instituída","",IF(OR(D10=0,E10=0,F10=0,G10=0,H10=0),"Sim","Não")) -> Não | O10: =IF(M10="Não instituída","Não instituída",IF(M10<>"Instituída","Sem evidência",IF(N10="Sim","Instituída — aderência insuficiente (dimensão essencial zerada)",IF(L10<50,"Instituída — baixa aderência",IF(L10<70,"Instituída — aderência parcial",IF(L10<90,"Instituída — aderência satisfatória","Instituída — elevada aderência")))))) -> Instituída — elevada aderência | P10: =IF(M10<>"Instituída","",IF(K10=0,"Bônus não aplicado",IF(K10<J10,"Bônus limitado ao necessário para atingir 100","Bônus integralmente aplicado"))) -> Bônus não aplicado | R10: Aderência satisfatória | S10: =COUNTIF(O5:O32,"*satisfatória*") -> 7
A11: DF | B11: Distrito Federal | C11: ='01_Institucionalização'!G13 -> 15 | D11: ='02_Autonomia'!W13 -> 12 | E11: ='03_Imparcialidade'!K13 -> 15 | F11: ='04_Acessibilidade'!AA13 -> 8.5 | G11: ='05_Transparência'!K13 -> 15 | H11: ='06_Integração Tec'!AE13 -> 25 | I11: =IF(M11<>"Instituída","",SUM(C11:H11)) -> 90.5 | J11: =IF(M11<>"Instituída","",'07_Maturidade'!X13) -> 3 | K11: =IF(M11<>"Instituída","",MIN(J11,MAX(0,100-I11))) -> 3 | L11: =IF(M11<>"Instituída","",MIN(100,I11+K11)) -> 93.5 | M11: ='01_Institucionalização'!H13 -> Instituída | N11: =IF(M11<>"Instituída","",IF(OR(D11=0,E11=0,F11=0,G11=0,H11=0),"Sim","Não")) -> Não | O11: =IF(M11="Não instituída","Não instituída",IF(M11<>"Instituída","Sem evidência",IF(N11="Sim","Instituída — aderência insuficiente (dimensão essencial zerada)",IF(L11<50,"Instituída — baixa aderência",IF(L11<70,"Instituída — aderência parcial",IF(L11<90,"Instituída — aderência satisfatória","Instituída — elevada aderência")))))) -> Instituída — elevada aderência | P11: =IF(M11<>"Instituída","",IF(K11=0,"Bônus não aplicado",IF(K11<J11,"Bônus limitado ao necessário para atingir 100","Bônus integralmente aplicado"))) -> Bônus integralmente aplicado | R11: Aderência parcial | S11: =COUNTIF(O5:O32,"*parcial*") -> 0
A12: ES | B12: Espírito Santo — Polícia Penal | C12: ='01_Institucionalização'!G14 -> 15 | D12: ='02_Autonomia'!W14 -> 15 | E12: ='03_Imparcialidade'!K14 -> 15 | F12: ='04_Acessibilidade'!AA14 -> 15 | G12: ='05_Transparência'!K14 -> 15 | H12: ='06_Integração Tec'!AE14 -> 25 | I12: =IF(M12<>"Instituída","",SUM(C12:H12)) -> 100 | J12: =IF(M12<>"Instituída","",'07_Maturidade'!X14) -> 7 | K12: =IF(M12<>"Instituída","",MIN(J12,MAX(0,100-I12))) -> 0 | L12: =IF(M12<>"Instituída","",MIN(100,I12+K12)) -> 100 | M12: ='01_Institucionalização'!H14 -> Instituída | N12: =IF(M12<>"Instituída","",IF(OR(D12=0,E12=0,F12=0,G12=0,H12=0),"Sim","Não")) -> Não | O12: =IF(M12="Não instituída","Não instituída",IF(M12<>"Instituída","Sem evidência",IF(N12="Sim","Instituída — aderência insuficiente (dimensão essencial zerada)",IF(L12<50,"Instituída — baixa aderência",IF(L12<70,"Instituída — aderência parcial",IF(L12<90,"Instituída — aderência satisfatória","Instituída — elevada aderência")))))) -> Instituída — elevada aderência | P12: =IF(M12<>"Instituída","",IF(K12=0,"Bônus não aplicado",IF(K12<J12,"Bônus limitado ao necessário para atingir 100","Bônus integralmente aplicado"))) -> Bônus não aplicado | R12: Baixa/insuficiente aderência | S12: =COUNTIF(O5:O32,"*baixa*")+COUNTIF(O5:O32,"*insuficiente*") -> 1
A13: ES | B13: Espírito Santo — SEJUS/ES | C13: ='01_Institucionalização'!G15 -> 15 | D13: ='02_Autonomia'!W15 -> 15 | E13: ='03_Imparcialidade'!K15 -> 7.5 | F13: ='04_Acessibilidade'!AA15 -> 8 | G13: ='05_Transparência'!K15 -> 10 | H13: ='06_Integração Tec'!AE15 -> 25 | I13: =IF(M13<>"Instituída","",SUM(C13:H13)) -> 80.5 | J13: =IF(M13<>"Instituída","",'07_Maturidade'!X15) -> 4 | K13: =IF(M13<>"Instituída","",MIN(J13,MAX(0,100-I13))) -> 4 | L13: =IF(M13<>"Instituída","",MIN(100,I13+K13)) -> 84.5 | M13: ='01_Institucionalização'!H15 -> Instituída | N13: =IF(M13<>"Instituída","",IF(OR(D13=0,E13=0,F13=0,G13=0,H13=0),"Sim","Não")) -> Não | O13: =IF(M13="Não instituída","Não instituída",IF(M13<>"Instituída","Sem evidência",IF(N13="Sim","Instituída — aderência insuficiente (dimensão essencial zerada)",IF(L13<50,"Instituída — baixa aderência",IF(L13<70,"Instituída — aderência parcial",IF(L13<90,"Instituída — aderência satisfatória","Instituída — elevada aderência")))))) -> Instituída — aderência satisfatória | P13: =IF(M13<>"Instituída","",IF(K13=0,"Bônus não aplicado",IF(K13<J13,"Bônus limitado ao necessário para atingir 100","Bônus integralmente aplicado"))) -> Bônus integralmente aplicado
A14: GO | B14: Goiás | C14: ='01_Institucionalização'!G16 -> 15 | D14: ='02_Autonomia'!W16 -> 15 | E14: ='03_Imparcialidade'!K16 -> 15 | F14: ='04_Acessibilidade'!AA16 -> 15 | G14: ='05_Transparência'!K16 -> 15 | H14: ='06_Integração Tec'!AE16 -> 25 | I14: =IF(M14<>"Instituída","",SUM(C14:H14)) -> 100 | J14: =IF(M14<>"Instituída","",'07_Maturidade'!X16) -> 5 | K14: =IF(M14<>"Instituída","",MIN(J14,MAX(0,100-I14))) -> 0 | L14: =IF(M14<>"Instituída","",MIN(100,I14+K14)) -> 100 | M14: ='01_Institucionalização'!H16 -> Instituída | N14: =IF(M14<>"Instituída","",IF(OR(D14=0,E14=0,F14=0,G14=0,H14=0),"Sim","Não")) -> Não | O14: =IF(M14="Não instituída","Não instituída",IF(M14<>"Instituída","Sem evidência",IF(N14="Sim","Instituída — aderência insuficiente (dimensão essencial zerada)",IF(L14<50,"Instituída — baixa aderência",IF(L14<70,"Instituída — aderência parcial",IF(L14<90,"Instituída — aderência satisfatória","Instituída — elevada aderência")))))) -> Instituída — elevada aderência | P14: =IF(M14<>"Instituída","",IF(K14=0,"Bônus não aplicado",IF(K14<J14,"Bônus limitado ao necessário para atingir 100","Bônus integralmente aplicado"))) -> Bônus não aplicado
A15: MA | B15: Maranhão | C15: ='01_Institucionalização'!G17 -> 15 | D15: ='02_Autonomia'!W17 -> 15 | E15: ='03_Imparcialidade'!K17 -> 15 | F15: ='04_Acessibilidade'!AA17 -> 13 | G15: ='05_Transparência'!K17 -> 5 | H15: ='06_Integração Tec'!AE17 -> 21 | I15: =IF(M15<>"Instituída","",SUM(C15:H15)) -> 84 | J15: =IF(M15<>"Instituída","",'07_Maturidade'!X17) -> 6 | K15: =IF(M15<>"Instituída","",MIN(J15,MAX(0,100-I15))) -> 6 | L15: =IF(M15<>"Instituída","",MIN(100,I15+K15)) -> 90 | M15: ='01_Institucionalização'!H17 -> Instituída | N15: =IF(M15<>"Instituída","",IF(OR(D15=0,E15=0,F15=0,G15=0,H15=0),"Sim","Não")) -> Não | O15: =IF(M15="Não instituída","Não instituída",IF(M15<>"Instituída","Sem evidência",IF(N15="Sim","Instituída — aderência insuficiente (dimensão essencial zerada)",IF(L15<50,"Instituída — baixa aderência",IF(L15<70,"Instituída — aderência parcial",IF(L15<90,"Instituída — aderência satisfatória","Instituída — elevada aderência")))))) -> Instituída — elevada aderência | P15: =IF(M15<>"Instituída","",IF(K15=0,"Bônus não aplicado",IF(K15<J15,"Bônus limitado ao necessário para atingir 100","Bônus integralmente aplicado"))) -> Bônus integralmente aplicado
A16: MT | B16: Mato Grosso | C16: ='01_Institucionalização'!G18 -> 15 | D16: ='02_Autonomia'!W18 -> 15 | E16: ='03_Imparcialidade'!K18 -> 15 | F16: ='04_Acessibilidade'!AA18 -> 13 | G16: ='05_Transparência'!K18 -> 10 | H16: ='06_Integração Tec'!AE18 -> 19 | I16: =IF(M16<>"Instituída","",SUM(C16:H16)) -> 87 | J16: =IF(M16<>"Instituída","",'07_Maturidade'!X18) -> 10 | K16: =IF(M16<>"Instituída","",MIN(J16,MAX(0,100-I16))) -> 10 | L16: =IF(M16<>"Instituída","",MIN(100,I16+K16)) -> 97 | M16: ='01_Institucionalização'!H18 -> Instituída | N16: =IF(M16<>"Instituída","",IF(OR(D16=0,E16=0,F16=0,G16=0,H16=0),"Sim","Não")) -> Não | O16: =IF(M16="Não instituída","Não instituída",IF(M16<>"Instituída","Sem evidência",IF(N16="Sim","Instituída — aderência insuficiente (dimensão essencial zerada)",IF(L16<50,"Instituída — baixa aderência",IF(L16<70,"Instituída — aderência parcial",IF(L16<90,"Instituída — aderência satisfatória","Instituída — elevada aderência")))))) -> Instituída — elevada aderência | P16: =IF(M16<>"Instituída","",IF(K16=0,"Bônus não aplicado",IF(K16<J16,"Bônus limitado ao necessário para atingir 100","Bônus integralmente aplicado"))) -> Bônus integralmente aplicado
A17: MS | B17: Mato Grosso do Sul | C17: ='01_Institucionalização'!G19 -> 15 | D17: ='02_Autonomia'!W19 -> 12 | E17: ='03_Imparcialidade'!K19 -> 8 | F17: ='04_Acessibilidade'!AA19 -> 10.5 | G17: ='05_Transparência'!K19 -> 10 | H17: ='06_Integração Tec'!AE19 -> 23 | I17: =IF(M17<>"Instituída","",SUM(C17:H17)) -> 78.5 | J17: =IF(M17<>"Instituída","",'07_Maturidade'!X19) -> 9 | K17: =IF(M17<>"Instituída","",MIN(J17,MAX(0,100-I17))) -> 9 | L17: =IF(M17<>"Instituída","",MIN(100,I17+K17)) -> 87.5 | M17: ='01_Institucionalização'!H19 -> Instituída | N17: =IF(M17<>"Instituída","",IF(OR(D17=0,E17=0,F17=0,G17=0,H17=0),"Sim","Não")) -> Não | O17: =IF(M17="Não instituída","Não instituída",IF(M17<>"Instituída","Sem evidência",IF(N17="Sim","Instituída — aderência insuficiente (dimensão essencial zerada)",IF(L17<50,"Instituída — baixa aderência",IF(L17<70,"Instituída — aderência parcial",IF(L17<90,"Instituída — aderência satisfatória","Instituída — elevada aderência")))))) -> Instituída — aderência satisfatória | P17: =IF(M17<>"Instituída","",IF(K17=0,"Bônus não aplicado",IF(K17<J17,"Bônus limitado ao necessário para atingir 100","Bônus integralmente aplicado"))) -> Bônus integralmente aplicado
A18: MG | B18: Minas Gerais | C18: ='01_Institucionalização'!G20 -> 15 | D18: ='02_Autonomia'!W20 -> 15 | E18: ='03_Imparcialidade'!K20 -> 15 | F18: ='04_Acessibilidade'!AA20 -> 13.5 | G18: ='05_Transparência'!K20 -> 15 | H18: ='06_Integração Tec'!AE20 -> 17 | I18: =IF(M18<>"Instituída","",SUM(C18:H18)) -> 90.5 | J18: =IF(M18<>"Instituída","",'07_Maturidade'!X20) -> 5 | K18: =IF(M18<>"Instituída","",MIN(J18,MAX(0,100-I18))) -> 5 | L18: =IF(M18<>"Instituída","",MIN(100,I18+K18)) -> 95.5 | M18: ='01_Institucionalização'!H20 -> Instituída | N18: =IF(M18<>"Instituída","",IF(OR(D18=0,E18=0,F18=0,G18=0,H18=0),"Sim","Não")) -> Não | O18: =IF(M18="Não instituída","Não instituída",IF(M18<>"Instituída","Sem evidência",IF(N18="Sim","Instituída — aderência insuficiente (dimensão essencial zerada)",IF(L18<50,"Instituída — baixa aderência",IF(L18<70,"Instituída — aderência parcial",IF(L18<90,"Instituída — aderência satisfatória","Instituída — elevada aderência")))))) -> Instituída — elevada aderência | P18: =IF(M18<>"Instituída","",IF(K18=0,"Bônus não aplicado",IF(K18<J18,"Bônus limitado ao necessário para atingir 100","Bônus integralmente aplicado"))) -> Bônus integralmente aplicado
A19: PA | B19: Pará | C19: ='01_Institucionalização'!G21 -> 0 | D19: ='02_Autonomia'!W21 -> 0 | E19: ='03_Imparcialidade'!K21 -> 0 | F19: ='04_Acessibilidade'!AA21 -> 0 | G19: ='05_Transparência'!K21 -> 0 | H19: ='06_Integração Tec'!AE21 -> 0 | I19: =IF(M19<>"Instituída","",SUM(C19:H19)) | J19: =IF(M19<>"Instituída","",'07_Maturidade'!X21) | K19: =IF(M19<>"Instituída","",MIN(J19,MAX(0,100-I19))) | L19: =IF(M19<>"Instituída","",MIN(100,I19+K19)) | M19: ='01_Institucionalização'!H21 -> Não instituída | N19: =IF(M19<>"Instituída","",IF(OR(D19=0,E19=0,F19=0,G19=0,H19=0),"Sim","Não")) | O19: =IF(M19="Não instituída","Não instituída",IF(M19<>"Instituída","Sem evidência",IF(N19="Sim","Instituída — aderência insuficiente (dimensão essencial zerada)",IF(L19<50,"Instituída — baixa aderência",IF(L19<70,"Instituída — aderência parcial",IF(L19<90,"Instituída — aderência satisfatória","Instituída — elevada aderência")))))) -> Não instituída | P19: =IF(M19<>"Instituída","",IF(K19=0,"Bônus não aplicado",IF(K19<J19,"Bônus limitado ao necessário para atingir 100","Bônus integralmente aplicado")))
A20: PB | B20: Paraíba | C20: ='01_Institucionalização'!G22 -> 15 | D20: ='02_Autonomia'!W22 -> 15 | E20: ='03_Imparcialidade'!K22 -> 8 | F20: ='04_Acessibilidade'!AA22 -> 15 | G20: ='05_Transparência'!K22 -> 5 | H20: ='06_Integração Tec'!AE22 -> 21 | I20: =IF(M20<>"Instituída","",SUM(C20:H20)) -> 79 | J20: =IF(M20<>"Instituída","",'07_Maturidade'!X22) -> 6 | K20: =IF(M20<>"Instituída","",MIN(J20,MAX(0,100-I20))) -> 6 | L20: =IF(M20<>"Instituída","",MIN(100,I20+K20)) -> 85 | M20: ='01_Institucionalização'!H22 -> Instituída | N20: =IF(M20<>"Instituída","",IF(OR(D20=0,E20=0,F20=0,G20=0,H20=0),"Sim","Não")) -> Não | O20: =IF(M20="Não instituída","Não instituída",IF(M20<>"Instituída","Sem evidência",IF(N20="Sim","Instituída — aderência insuficiente (dimensão essencial zerada)",IF(L20<50,"Instituída — baixa aderência",IF(L20<70,"Instituída — aderência parcial",IF(L20<90,"Instituída — aderência satisfatória","Instituída — elevada aderência")))))) -> Instituída — aderência satisfatória | P20: =IF(M20<>"Instituída","",IF(K20=0,"Bônus não aplicado",IF(K20<J20,"Bônus limitado ao necessário para atingir 100","Bônus integralmente aplicado"))) -> Bônus integralmente aplicado
A21: PR | B21: Paraná | C21: ='01_Institucionalização'!G23 -> 15 | D21: ='02_Autonomia'!W23 -> 12 | E21: ='03_Imparcialidade'!K23 -> 15 | F21: ='04_Acessibilidade'!AA23 -> 10.5 | G21: ='05_Transparência'!K23 -> 15 | H21: ='06_Integração Tec'!AE23 -> 25 | I21: =IF(M21<>"Instituída","",SUM(C21:H21)) -> 92.5 | J21: =IF(M21<>"Instituída","",'07_Maturidade'!X23) -> 6 | K21: =IF(M21<>"Instituída","",MIN(J21,MAX(0,100-I21))) -> 6 | L21: =IF(M21<>"Instituída","",MIN(100,I21+K21)) -> 98.5 | M21: ='01_Institucionalização'!H23 -> Instituída | N21: =IF(M21<>"Instituída","",IF(OR(D21=0,E21=0,F21=0,G21=0,H21=0),"Sim","Não")) -> Não | O21: =IF(M21="Não instituída","Não instituída",IF(M21<>"Instituída","Sem evidência",IF(N21="Sim","Instituída — aderência insuficiente (dimensão essencial zerada)",IF(L21<50,"Instituída — baixa aderência",IF(L21<70,"Instituída — aderência parcial",IF(L21<90,"Instituída — aderência satisfatória","Instituída — elevada aderência")))))) -> Instituída — elevada aderência | P21: =IF(M21<>"Instituída","",IF(K21=0,"Bônus não aplicado",IF(K21<J21,"Bônus limitado ao necessário para atingir 100","Bônus integralmente aplicado"))) -> Bônus integralmente aplicado
A22: PE | B22: Pernambuco | C22: ='01_Institucionalização'!G24 -> 15 | D22: ='02_Autonomia'!W24 -> 12 | E22: ='03_Imparcialidade'!K24 -> 15 | F22: ='04_Acessibilidade'!AA24 -> 10.5 | G22: ='05_Transparência'!K24 -> 10 | H22: ='06_Integração Tec'!AE24 -> 23 | I22: =IF(M22<>"Instituída","",SUM(C22:H22)) -> 85.5 | J22: =IF(M22<>"Instituída","",'07_Maturidade'!X24) -> 6 | K22: =IF(M22<>"Instituída","",MIN(J22,MAX(0,100-I22))) -> 6 | L22: =IF(M22<>"Instituída","",MIN(100,I22+K22)) -> 91.5 | M22: ='01_Institucionalização'!H24 -> Instituída | N22: =IF(M22<>"Instituída","",IF(OR(D22=0,E22=0,F22=0,G22=0,H22=0),"Sim","Não")) -> Não | O22: =IF(M22="Não instituída","Não instituída",IF(M22<>"Instituída","Sem evidência",IF(N22="Sim","Instituída — aderência insuficiente (dimensão essencial zerada)",IF(L22<50,"Instituída — baixa aderência",IF(L22<70,"Instituída — aderência parcial",IF(L22<90,"Instituída — aderência satisfatória","Instituída — elevada aderência")))))) -> Instituída — elevada aderência | P22: =IF(M22<>"Instituída","",IF(K22=0,"Bônus não aplicado",IF(K22<J22,"Bônus limitado ao necessário para atingir 100","Bônus integralmente aplicado"))) -> Bônus integralmente aplicado
A23: PI | B23: Piauí | C23: ='01_Institucionalização'!G25 -> 15 | D23: ='02_Autonomia'!W25 -> 15 | E23: ='03_Imparcialidade'!K25 -> 11.5 | F23: ='04_Acessibilidade'!AA25 -> 9.5 | G23: ='05_Transparência'!K25 -> 5 | H23: ='06_Integração Tec'!AE25 -> 17 | I23: =IF(M23<>"Instituída","",SUM(C23:H23)) -> 73 | J23: =IF(M23<>"Instituída","",'07_Maturidade'!X25) -> 7 | K23: =IF(M23<>"Instituída","",MIN(J23,MAX(0,100-I23))) -> 7 | L23: =IF(M23<>"Instituída","",MIN(100,I23+K23)) -> 80 | M23: ='01_Institucionalização'!H25 -> Instituída | N23: =IF(M23<>"Instituída","",IF(OR(D23=0,E23=0,F23=0,G23=0,H23=0),"Sim","Não")) -> Não | O23: =IF(M23="Não instituída","Não instituída",IF(M23<>"Instituída","Sem evidência",IF(N23="Sim","Instituída — aderência insuficiente (dimensão essencial zerada)",IF(L23<50,"Instituída — baixa aderência",IF(L23<70,"Instituída — aderência parcial",IF(L23<90,"Instituída — aderência satisfatória","Instituída — elevada aderência")))))) -> Instituída — aderência satisfatória | P23: =IF(M23<>"Instituída","",IF(K23=0,"Bônus não aplicado",IF(K23<J23,"Bônus limitado ao necessário para atingir 100","Bônus integralmente aplicado"))) -> Bônus integralmente aplicado
A24: RJ | B24: Rio de Janeiro | C24: ='01_Institucionalização'!G26 -> 15 | D24: ='02_Autonomia'!W26 -> 12 | E24: ='03_Imparcialidade'!K26 -> 15 | F24: ='04_Acessibilidade'!AA26 -> 15 | G24: ='05_Transparência'!K26 -> 15 | H24: ='06_Integração Tec'!AE26 -> 17 | I24: =IF(M24<>"Instituída","",SUM(C24:H24)) -> 89 | J24: =IF(M24<>"Instituída","",'07_Maturidade'!X26) -> 6 | K24: =IF(M24<>"Instituída","",MIN(J24,MAX(0,100-I24))) -> 6 | L24: =IF(M24<>"Instituída","",MIN(100,I24+K24)) -> 95 | M24: ='01_Institucionalização'!H26 -> Instituída | N24: =IF(M24<>"Instituída","",IF(OR(D24=0,E24=0,F24=0,G24=0,H24=0),"Sim","Não")) -> Não | O24: =IF(M24="Não instituída","Não instituída",IF(M24<>"Instituída","Sem evidência",IF(N24="Sim","Instituída — aderência insuficiente (dimensão essencial zerada)",IF(L24<50,"Instituída — baixa aderência",IF(L24<70,"Instituída — aderência parcial",IF(L24<90,"Instituída — aderência satisfatória","Instituída — elevada aderência")))))) -> Instituída — elevada aderência | P24: =IF(M24<>"Instituída","",IF(K24=0,"Bônus não aplicado",IF(K24<J24,"Bônus limitado ao necessário para atingir 100","Bônus integralmente aplicado"))) -> Bônus integralmente aplicado
... A32: TO | B32: Tocantins | C32: ='01_Institucionalização'!G34 -> 0 | D32: ='02_Autonomia'!W34 -> 0 | E32: ='03_Imparcialidade'!K34 -> 0 | F32: ='04_Acessibilidade'!AA34 -> 0 | G32: ='05_Transparência'!K34 -> 0 | H32: ='06_Integração Tec'!AE34 -> 0 | I32: =IF(M32<>"Instituída","",SUM(C32:H32)) | J32: =IF(M32<>"Instituída","",'07_Maturidade'!X34) | K32: =IF(M32<>"Instituída","",MIN(J32,MAX(0,100-I32))) | L32: =IF(M32<>"Instituída","",MIN(100,I32+K32)) | M32: ='01_Institucionalização'!H34 -> Não instituída | N32: =IF(M32<>"Instituída","",IF(OR(D32=0,E32=0,F32=0,G32=0,H32=0),"Sim","Não")) | O32: =IF(M32="Não instituída","Não instituída",IF(M32<>"Instituída","Sem evidência",IF(N32="Sim","Instituída — aderência insuficiente (dimensão essencial zerada)",IF(L32<50,"Instituída — baixa aderência",IF(L32<70,"Instituída — aderência parcial",IF(L32<90,"Instituída — aderência satisfatória","Instituída — elevada aderência")))))) -> Não instituída | P32: =IF(M32<>"Instituída","",IF(K32=0,"Bônus não aplicado",IF(K32<J32,"Bônus limitado ao necessário para atingir 100","Bônus integralmente aplicado")))
